"link-primary","link-primary href","Tag","SearchResultCard__footerItem","Tag 2","Tag 3"
"Specialista/ka nákupu - JUNIOR/SENIOR","https://www.jobs.cz/rpd/1626598847/?searchId=fd825996-56d8-4ca5-9808-003ed1a6dfdd&rps=228","Možnost občasné práce z domova","ČEPS, a.s.","",""
"Obchodník Junior (m/ž)","https://www.jobs.cz/rpd/1625342720/?searchId=fd825996-56d8-4ca5-9808-003ed1a6dfdd&rps=228","Odpověď do 2 týdnů","O2 Czech Republic a.s.","60 000 ‍–‍ 80 000 Kč","Možnost občasné práce z domova"
"Specialista/ka provozních činností VVN - JUNIOR","https://www.jobs.cz/rpd/1620027950/?searchId=fd825996-56d8-4ca5-9808-003ed1a6dfdd&rps=228","","ČEPS, a.s.","",""
"Python developer of test automatization for infotainment app","https://www.jobs.cz/rpd/1621012830/?searchId=fd825996-56d8-4ca5-9808-003ed1a6dfdd&rps=233","Odpověď do 2 týdnů","Digiteq Automotive s.r.o.","",""
"Python Developer (f/m/d)","https://www.jobs.cz/rpd/1623203499/?searchId=fd825996-56d8-4ca5-9808-003ed1a6dfdd&rps=233","Odpověď do 2 týdnů","Porsche Engineering Services, s.r.o.","","Možnost občasné práce z domova"
"Python Developer","https://www.jobs.cz/rpd/1616252965/?searchId=fd825996-56d8-4ca5-9808-003ed1a6dfdd&rps=233","Odpověď do 2 týdnů","PricewaterhouseCoopers Česká republika, s.r.o.","","Možnost občasné práce z domova"
"Python Backend Team Lead | fintech startup","https://www.jobs.cz/rpd/1623517255/?searchId=fd825996-56d8-4ca5-9808-003ed1a6dfdd&rps=233","Možnost občasné práce z domova","Skip Pay s.r.o.","",""
"HiL SW Automation Developer Python - Prague (f/m/d)","https://www.jobs.cz/rpd/1571493804/?searchId=fd825996-56d8-4ca5-9808-003ed1a6dfdd&rps=233","Odpověď do 2 týdnů","Porsche Engineering Services, s.r.o.","","Možnost občasné práce z domova"
"Umělá inteligence  - Python vývojář -  startup z USA","https://www.jobs.cz/rpd/1594416698/?searchId=fd825996-56d8-4ca5-9808-003ed1a6dfdd&rps=233","Odpověď do 2 týdnů","Luxonis","70 000 ‍–‍ 130 000 Kč","Práce převážně z domova"
"Software Tool Developer - Python","https://www.jobs.cz/rpd/1603511637/?searchId=fd825996-56d8-4ca5-9808-003ed1a6dfdd&rps=233","Možnost občasné práce z domova","VALEO PRAHA","",""
"Test Engineer - Python/EXAM","https://www.jobs.cz/rpd/1613503525/?searchId=fd825996-56d8-4ca5-9808-003ed1a6dfdd&rps=233","Odpověď do 2 týdnů","AUFEER DESIGN, s.r.o.","60 000 ‍–‍ 90 000 Kč","Možnost občasné práce z domova"
"SW Backend Developer with Python","https://www.jobs.cz/rpd/1625903195/?searchId=fd825996-56d8-4ca5-9808-003ed1a6dfdd&rps=233","Možnost občasné práce z domova","VALEO PRAHA","60 000 ‍–‍ 100 000 Kč",""
"Senior Developer - Python, Jenkins, Java","https://www.jobs.cz/rpd/1622858214/?searchId=fd825996-56d8-4ca5-9808-003ed1a6dfdd&rps=233","","KBC Global Services NV","",""
"Team Leader – Backend development (Python)","https://www.jobs.cz/rpd/1618399644/?searchId=fd825996-56d8-4ca5-9808-003ed1a6dfdd&rps=233","Odpověď do 2 týdnů","GIT Consult Czech s.r.o.","","Práce převážně z domova"
"Programátor junior","https://www.jobs.cz/rpd/2000048072/?searchId=fd825996-56d8-4ca5-9808-003ed1a6dfdd&rps=233","Možnost občasné práce z domova","eYello CZ, k.s.","",""
"Linux správce junior","https://www.jobs.cz/rpd/1616146883/?searchId=fd825996-56d8-4ca5-9808-003ed1a6dfdd&rps=233","Odpověď do 2 týdnů","Operátor ICT, a. s.","",""
"Junior Trading Analyst (Energy Trading)","https://www.jobs.cz/rpd/1587603894/?searchId=fd825996-56d8-4ca5-9808-003ed1a6dfdd&rps=233","Odpověď do 2 týdnů","Sev.en Commodities AG, odštěpný závod","",""
"XiL Simulation Engineer Junior/Senior (f/m/d)","https://www.jobs.cz/rpd/1593878646/?searchId=fd825996-56d8-4ca5-9808-003ed1a6dfdd&rps=233","Odpověď do 2 týdnů","Porsche Engineering Services, s.r.o.","","Možnost občasné práce z domova"
"Junior Product Owner(ka)","https://www.jobs.cz/rpd/2000045591/?searchId=fd825996-56d8-4ca5-9808-003ed1a6dfdd&rps=233","","GymBeam s.r.o.","1 400 ‍–‍ 1 800 EUR",""
"Front-End Developer (junior)","https://www.jobs.cz/rpd/1625228810/?searchId=fd825996-56d8-4ca5-9808-003ed1a6dfdd&rps=233","Odpověď do 2 týdnů","Digiteq Automotive s.r.o.","",""
"Cyber security engineer/manager i junior (až 140.000 Kč)","https://www.jobs.cz/rpd/1614376013/?searchId=fd825996-56d8-4ca5-9808-003ed1a6dfdd&rps=233","Práce převážně z domova","Jobs Contact Personal, s.r.o.","70 000 ‍–‍ 140 000 Kč",""
"pozice na míru pro IT ADMINISTRÁTORY (od juniorů po seniory)","https://www.jobs.cz/rpd/1625269152/?searchId=fd825996-56d8-4ca5-9808-003ed1a6dfdd&rps=233","Odpověď do 2 týdnů","TOTAL SERVICE a.s.","","Možnost občasné práce z domova"
"Realitní makléř Junior","https://www.jobs.cz/rpd/1626498767/?searchId=fd825996-56d8-4ca5-9808-003ed1a6dfdd&rps=233","Možnost občasné práce z domova","Duna House","80 000 ‍–‍ 120 000 Kč",""
"Junior účetní","https://www.jobs.cz/rpd/2000047807/?searchId=fd825996-56d8-4ca5-9808-003ed1a6dfdd&rps=233","","PBW GROUP s.r.o.","40 000 ‍–‍ 50 000 Kč",""
"ÚČETNÍ - junior/senior","https://www.jobs.cz/rpd/2000049449/?searchId=fd825996-56d8-4ca5-9808-003ed1a6dfdd&rps=233","Odpověď do 2 týdnů","KHYPO s.r.o.","",""
"KAM Junior - FMCG  (ž/m)","https://www.jobs.cz/rpd/1626308756/?searchId=fd825996-56d8-4ca5-9808-003ed1a6dfdd&rps=233","Odpověď do 2 týdnů","NO77 s.r.o.","",""
"Prodejce nákladních vozidel junior","https://www.jobs.cz/rpd/1622759094/?searchId=fd825996-56d8-4ca5-9808-003ed1a6dfdd&rps=233","Odpověď do 2 týdnů","Daimler Truck Česká republika s.r.o.","","Možnost občasné práce z domova"
"Junior účetní do moderní společnosti","https://www.jobs.cz/rpd/1625067629/?searchId=fd825996-56d8-4ca5-9808-003ed1a6dfdd&rps=233","","Talentem s.r.o.","40 000 ‍–‍ 50 000 Kč",""
"Projektový manager junior","https://www.jobs.cz/rpd/1625238093/?searchId=fd825996-56d8-4ca5-9808-003ed1a6dfdd&rps=233","Odpověď do 2 týdnů","EP Cargo a.s.","",""
"Junior konzultant/Intern - tým Pojišťovnictví","https://www.jobs.cz/rpd/1611690828/?searchId=fd825996-56d8-4ca5-9808-003ed1a6dfdd&rps=233","Možnost občasné práce z domova","EY","",""
"Junior analytik pro Finanční oddělení","https://www.jobs.cz/rpd/1619556726/?searchId=fd825996-56d8-4ca5-9808-003ed1a6dfdd&rps=233","","EY","",""
"Junior účetní","https://www.jobs.cz/rpd/1619880745/?searchId=fd825996-56d8-4ca5-9808-003ed1a6dfdd&rps=233","","HR Advisors CZ s.r.o.","40 000 ‍–‍ 45 000 Kč",""
"Junior operations executive v Mystery Shoppingu","https://www.jobs.cz/rpd/1626280246/?searchId=fd825996-56d8-4ca5-9808-003ed1a6dfdd&rps=233","Odpověď do 2 týdnů","IPSOS s.r.o.","","Možnost občasné práce z domova"
"Project Manager Junior v Invia.cz","https://www.jobs.cz/rpd/1624804436/?searchId=fd825996-56d8-4ca5-9808-003ed1a6dfdd&rps=233","Odpověď do 2 týdnů","Invia.cz, a.s.","","Možnost občasné práce z domova"
"JUNIOR ÚČETNÍ / Praha 9 - Kyje","https://www.jobs.cz/rpd/2000045297/?searchId=fd825996-56d8-4ca5-9808-003ed1a6dfdd&rps=233","Odpověď do 2 týdnů","Schubert partner a.s.","30 000 Kč",""
"Portuguese Junior Payroll Specialist","https://www.jobs.cz/rpd/1623089530/?searchId=fd825996-56d8-4ca5-9808-003ed1a6dfdd&rps=233","Možnost občasné práce z domova","ADP Employer Services Česká republika, a.s.","",""
"Junior mzdový/á účetní Praha","https://www.jobs.cz/rpd/1620934831/?searchId=fd825996-56d8-4ca5-9808-003ed1a6dfdd&rps=233","Odpověď do 2 týdnů","Accace Outsourcing s.r.o.","","Možnost občasné práce z domova"
"Junior - AS4S00 Developer","https://www.jobs.cz/rpd/1625781494/?searchId=ff56c319-6c93-4494-a8ca-ec8fe1cf9c4f&rps=233","Odpověď do 2 týdnů","NN","","Práce převážně z domova"
"Síťový správce junior","https://www.jobs.cz/rpd/1616145317/?searchId=ff56c319-6c93-4494-a8ca-ec8fe1cf9c4f&rps=233","Odpověď do 2 týdnů","Operátor ICT, a. s.","",""
"Windows Junior správce","https://www.jobs.cz/rpd/1616148220/?searchId=ff56c319-6c93-4494-a8ca-ec8fe1cf9c4f&rps=233","Odpověď do 2 týdnů","Operátor ICT, a. s.","",""
"Junior HR Specialist - příležitost v interním HR","https://www.jobs.cz/rpd/1626601694/?searchId=ff56c319-6c93-4494-a8ca-ec8fe1cf9c4f&rps=233","Odpověď do 2 týdnů","CoolPeople a.s.","35 000 ‍–‍ 45 000 Kč","Možnost občasné práce z domova"
"Junior KAM / KAM","https://www.jobs.cz/rpd/1623469975/?searchId=ff56c319-6c93-4494-a8ca-ec8fe1cf9c4f&rps=233","Odpověď do 2 týdnů","HENKEL ČR, spol. s r.o.","","Možnost občasné práce z domova"
"Junior Financial Specialist - farmaceutická společnost","https://www.jobs.cz/rpd/1623030673/?searchId=ff56c319-6c93-4494-a8ca-ec8fe1cf9c4f&rps=233","Odpověď do 2 týdnů","Pharmonia s.r.o.","42 000 ‍–‍ 50 000 Kč",""
"Sales Analyst [junior position]","https://www.jobs.cz/rpd/2000043507/?searchId=ff56c319-6c93-4494-a8ca-ec8fe1cf9c4f&rps=233","Odpověď do 2 týdnů","Mölnlycke Health Care, s.r.o.","","Práce převážně z domova"
"Junior IT Application Consultant","https://www.jobs.cz/rpd/1624261941/?searchId=ff56c319-6c93-4494-a8ca-ec8fe1cf9c4f&rps=233","","Consultech Recruitment Services s.r.o.","45 000 ‍–‍ 70 000 Kč",""
"Finanční specialista (junior) m/ž","https://www.jobs.cz/rpd/2000045121/?searchId=ff56c319-6c93-4494-a8ca-ec8fe1cf9c4f&rps=233","","Fielmann s.r.o.","",""
"TECHNOLOG JUNIOR / LABORANT  - Zdravá & Sportovní Výživa","https://www.jobs.cz/rpd/1625692483/?searchId=ff56c319-6c93-4494-a8ca-ec8fe1cf9c4f&rps=233","Odpověď do 2 týdnů","RoseMed Holding s.r.o.","",""
"Finanční účetní - junior","https://www.jobs.cz/rpd/1626628083/?searchId=ff56c319-6c93-4494-a8ca-ec8fe1cf9c4f&rps=233","Odpověď do 2 týdnů","Grant Thornton Czech Republic a.s.","","Možnost občasné práce z domova"
"Přípravář - příležitost pro juniory","https://www.jobs.cz/rpd/1624006778/?searchId=ff56c319-6c93-4494-a8ca-ec8fe1cf9c4f&rps=233","Odpověď do 2 týdnů","CREDITAS Real Estate Management s.r.o.","","Možnost občasné práce z domova"
"Tester/Analytik Termovizních Systémů - junior/senior","https://www.jobs.cz/rpd/2000048387/?searchId=ff56c319-6c93-4494-a8ca-ec8fe1cf9c4f&rps=233","","Workswell s.r.o.","40 000 ‍–‍ 65 000 Kč",""
"Finanční Analytik Junior","https://www.jobs.cz/rpd/1626551266/?searchId=ff56c319-6c93-4494-a8ca-ec8fe1cf9c4f&rps=233","Odpověď do 2 týdnů","EP Cargo Invest a.s.","","Možnost občasné práce z domova"
"Servisní/montážní technik – vhodné i pro juniory","https://www.jobs.cz/rpd/1626547913/?searchId=ff56c319-6c93-4494-a8ca-ec8fe1cf9c4f&rps=233","Odpověď do 2 týdnů","PŘEDVÝBĚR.CZ s.r.o.","30 000 ‍–‍ 40 000 Kč","Odpovězte teď a budete mezi prvními"
"Junior IT Delivery Specialist","https://www.jobs.cz/rpd/1625260844/?searchId=ff56c319-6c93-4494-a8ca-ec8fe1cf9c4f&rps=233","Odpověď do 2 týdnů","RWE Gas Storage CZ, s.r.o.","","Možnost občasné práce z domova"
"účetní – junior","https://www.jobs.cz/rpd/1623215426/?searchId=ff56c319-6c93-4494-a8ca-ec8fe1cf9c4f&rps=233","Odpověď do 2 týdnů","Lagerris a.s.","35 000 ‍–‍ 40 000 Kč",""
"Junior learning &  development specialist","https://www.jobs.cz/rpd/1626452449/?searchId=ff56c319-6c93-4494-a8ca-ec8fe1cf9c4f&rps=233","Odpověď do 2 týdnů","Vodafone Czech Republic a.s.","","Práce převážně z domova"
"Content specialist junior/medior ve sportovním sázení","https://www.jobs.cz/rpd/1626435711/?searchId=ff56c319-6c93-4494-a8ca-ec8fe1cf9c4f&rps=233","Možnost občasné práce z domova","Talentem s.r.o.","40 000 ‍–‍ 45 000 Kč","Odpovězte teď a budete mezi prvními"
"Junior IT Supply Chain Consultant - German language","https://www.jobs.cz/rpd/1611479463/?searchId=ff56c319-6c93-4494-a8ca-ec8fe1cf9c4f&rps=233","Odpověď do 2 týdnů","PricewaterhouseCoopers Česká republika, s.r.o.","","Možnost občasné práce z domova"
"Marketingový specialista (Junior)","https://www.jobs.cz/rpd/2000047142/?searchId=ff56c319-6c93-4494-a8ca-ec8fe1cf9c4f&rps=233","","Nikon Europe B.V., český odštěpný závod","",""
"Junior Business Development Manager / Junior Sales","https://www.jobs.cz/rpd/1626380479/?searchId=ff56c319-6c93-4494-a8ca-ec8fe1cf9c4f&rps=233","","Natek","1 300 ‍–‍ 2 200 EUR",""
"JUNIOR SPECIALISTA DPH","https://www.jobs.cz/rpd/1613459137/?searchId=ff56c319-6c93-4494-a8ca-ec8fe1cf9c4f&rps=233","","PHOENIX lékárenský velkoobchod, s.r.o.","",""
"JUNIOR AKVIZIČNÍ SPECIALISTA","https://www.jobs.cz/rpd/1625076714/?searchId=ff56c319-6c93-4494-a8ca-ec8fe1cf9c4f&rps=233","Odpovězte teď a budete mezi prvními","BADGERS - Development Professionals, s.r.o.","",""
"Junior Technik optických sítí","https://www.jobs.cz/rpd/1626364008/?searchId=ff56c319-6c93-4494-a8ca-ec8fe1cf9c4f&rps=233","","ManpowerGroup s.r.o.","",""
"Junior Project Manager – stavební management","https://www.jobs.cz/rpd/1626357103/?searchId=ff56c319-6c93-4494-a8ca-ec8fe1cf9c4f&rps=233","Možnost občasné práce z domova","CBRE s.r.o.","",""
"Brand Manager (Junior)","https://www.jobs.cz/rpd/1616843446/?searchId=ff56c319-6c93-4494-a8ca-ec8fe1cf9c4f&rps=233","Možnost občasné práce z domova","JACOBS DOUWE EGBERTS CZ s.r.o.","",""
"Účetní junior (M/Ž) - vhodné pro absolventy!","https://www.jobs.cz/rpd/1625049249/?searchId=ff56c319-6c93-4494-a8ca-ec8fe1cf9c4f&rps=233","Odpověď do 2 týdnů","Státní pokladna Centrum sdílených služeb, s. p.","","Možnost občasné práce z domova"
"Specialista logistiky junior - Praha","https://www.jobs.cz/rpd/1625516833/?searchId=ff56c319-6c93-4494-a8ca-ec8fe1cf9c4f&rps=233","Odpověď do 2 týdnů","KOVOŠROT GROUP CZ s.r.o.","35 000 ‍–‍ 40 000 Kč",""
"Marketingový specialista - junior","https://www.jobs.cz/rpd/2000048975/?searchId=ff56c319-6c93-4494-a8ca-ec8fe1cf9c4f&rps=233","Odpověď do 2 týdnů","dTest, o.p.s.","",""
"Junior správce HW/SW","https://www.jobs.cz/rpd/1626281995/?searchId=ff56c319-6c93-4494-a8ca-ec8fe1cf9c4f&rps=233","Možnost občasné práce z domova","Experis","",""
"PROCESNÍ ANALYTIK/ČKA COMPLIANCE – I JUNIOR","https://www.jobs.cz/rpd/1624672693/?searchId=ff56c319-6c93-4494-a8ca-ec8fe1cf9c4f&rps=233","Odpověď do 2 týdnů","Generali Česká pojišťovna","","Práce převážně z domova"
"Junior Business Controller","https://www.jobs.cz/rpd/1624959848/?searchId=ff56c319-6c93-4494-a8ca-ec8fe1cf9c4f&rps=233","Možnost občasné práce z domova","PORR a.s.","",""
"PROJEKTOVÝ MANAŽER JUNIOR","https://www.jobs.cz/rpd/1624037885/?searchId=ff56c319-6c93-4494-a8ca-ec8fe1cf9c4f&rps=233","","PHOENIX lékárenský velkoobchod, s.r.o.","",""
"Junior AV Technik / Audio-Video Support","https://www.jobs.cz/rpd/1626236462/?searchId=ff56c319-6c93-4494-a8ca-ec8fe1cf9c4f&rps=233","Odpovězte teď a budete mezi prvními","Deloitte","",""
"Junior Project Coordinator with German language","https://www.jobs.cz/rpd/1624938814/?searchId=ff56c319-6c93-4494-a8ca-ec8fe1cf9c4f&rps=233","Odpověď do 2 týdnů","IPSOS s.r.o.","","Možnost občasné práce z domova"
"Junior IT SAP konzultant – e-commerce podpora","https://www.jobs.cz/rpd/1626189468/?searchId=ff56c319-6c93-4494-a8ca-ec8fe1cf9c4f&rps=233","Odpověď do 2 týdnů","JOBSTART s.r.o.","",""
"Systémový administrátor - DPI - junior (m/ž)","https://www.jobs.cz/rpd/1626150887/?searchId=7a7623f7-f918-4789-9dc1-e053a7e59590&rps=233","Odpověď do 2 týdnů","O2 Czech Republic a.s.","","Možnost občasné práce z domova"
"Finanční Controller Junior","https://www.jobs.cz/rpd/1626068768/?searchId=7a7623f7-f918-4789-9dc1-e053a7e59590&rps=233","Možnost občasné práce z domova","Manuvia","",""
"JUNIOR TAX SPECIALIST","https://www.jobs.cz/rpd/1626045224/?searchId=7a7623f7-f918-4789-9dc1-e053a7e59590&rps=233","Možnost občasné práce z domova","Zásilkovna s.r.o.","",""
"Junior konzultant – tým Oceňování & modelování","https://www.jobs.cz/rpd/1626037437/?searchId=7a7623f7-f918-4789-9dc1-e053a7e59590&rps=233","Možnost občasné práce z domova","EY","",""
"Project Manager Junior - Praha 1","https://www.jobs.cz/rpd/1618617748/?searchId=7a7623f7-f918-4789-9dc1-e053a7e59590&rps=233","","M2C","",""
"HR BUSINESS PARTNER JUNIOR","https://www.jobs.cz/rpd/1625773769/?searchId=7a7623f7-f918-4789-9dc1-e053a7e59590&rps=233","","Raiffeisenbank a.s.","",""
"Customer Care Specialist junior – Praha","https://www.jobs.cz/rpd/1624201961/?searchId=7a7623f7-f918-4789-9dc1-e053a7e59590&rps=233","Odpověď do 2 týdnů","SG Equipment Finance s.r.o.","",""
"Junior bankéř/ka pro firemní klientelu - Praha Flora","https://www.jobs.cz/rpd/1621017690/?searchId=7a7623f7-f918-4789-9dc1-e053a7e59590&rps=233","","MONETA Money Bank, a.s.","",""
"Junior účetní do přátelského týmu v designové společnosti","https://www.jobs.cz/rpd/1625601379/?searchId=7a7623f7-f918-4789-9dc1-e053a7e59590&rps=233","Možnost občasné práce z domova","Talentem s.r.o.","","Odpovězte teď a budete mezi prvními"
"Junior manažer pro expanzní projekty (německý trh)","https://www.jobs.cz/rpd/1622024850/?searchId=7a7623f7-f918-4789-9dc1-e053a7e59590&rps=233","Odpověď do 2 týdnů","Ascari s.r.o.","100 000 ‍–‍ 120 000 Kč",""
"Junior konzultant - tým M&A","https://www.jobs.cz/rpd/1623679352/?searchId=7a7623f7-f918-4789-9dc1-e053a7e59590&rps=233","Možnost občasné práce z domova","EY","",""
"Junior JAVA Developer CPLM (70% - 100%), graduates/students","https://www.jobs.cz/rpd/1567725115/?searchId=7a7623f7-f918-4789-9dc1-e053a7e59590&rps=233","Odpověď do 2 týdnů","COMMERZBANK Aktiengesellschaft, pobočka Praha","","Možnost občasné práce z domova"
"Technology Program Discover -  Junior Tester","https://www.jobs.cz/rpd/1617698372/?searchId=7a7623f7-f918-4789-9dc1-e053a7e59590&rps=233","Odpověď do 2 týdnů","Vodafone Czech Republic a.s.","","Práce převážně z domova"
"Junior/senior ÚČETNÍ - KLIENTSKÉ ÚČETNICTVÍ","https://www.jobs.cz/rpd/1617652133/?searchId=7a7623f7-f918-4789-9dc1-e053a7e59590&rps=233","Možnost občasné práce z domova","J&T BANKA","",""
"JUNIOR FINANCE CONTROLLER","https://www.jobs.cz/rpd/1608417368/?searchId=7a7623f7-f918-4789-9dc1-e053a7e59590&rps=233","","Sécheron Hasler CZ, spol. s r.o.","",""
"Spanish Junior Payroll Specialist - Paid training provided!","https://www.jobs.cz/rpd/1610092568/?searchId=7a7623f7-f918-4789-9dc1-e053a7e59590&rps=233","Možnost občasné práce z domova","ADP Employer Services Česká republika, a.s.","",""
"Junior Brand Manager","https://www.jobs.cz/rpd/1618161933/?searchId=7a7623f7-f918-4789-9dc1-e053a7e59590&rps=233","","Danone a.s.","",""
"JUNIOR ÚČETNÍ_STABILNÍ ČESKÁ SPOLEČNOST","https://www.jobs.cz/rpd/1625100815/?searchId=7a7623f7-f918-4789-9dc1-e053a7e59590&rps=233","Odpověď do 2 týdnů","Prušák Group s.r.o.","35 000 ‍–‍ 45 000 Kč","Možnost občasné práce z domova"
"SPECIALISTA MARKETINGU JUNIOR - sociální sítě, web, grafika","https://www.jobs.cz/rpd/1625094924/?searchId=7a7623f7-f918-4789-9dc1-e053a7e59590&rps=233","Odpověď do 2 týdnů","OPENN s.r.o.","33 000 ‍–‍ 38 000 Kč","Možnost občasné práce z domova"
"Junior konzultant – tým Datové analytiky","https://www.jobs.cz/rpd/1618078478/?searchId=7a7623f7-f918-4789-9dc1-e053a7e59590&rps=233","","EY","",""
"Obchodní zástupce junior - průmyslová automatizace","https://www.jobs.cz/rpd/1603483476/?searchId=7a7623f7-f918-4789-9dc1-e053a7e59590&rps=233","","Manuvia","",""
"Aplikační specialista junior","https://www.jobs.cz/rpd/1625010888/?searchId=7a7623f7-f918-4789-9dc1-e053a7e59590&rps=233","","EUC a.s.","",""
"Junior mzdový účetní s Němčinou (100% práce z domova v ČR)","https://www.jobs.cz/rpd/1625002876/?searchId=7a7623f7-f918-4789-9dc1-e053a7e59590&rps=233","Práce převážně z domova","ADP Employer Services Česká republika, a.s.","",""
"Junior/Medior Dev Support","https://www.jobs.cz/rpd/1623332456/?searchId=7a7623f7-f918-4789-9dc1-e053a7e59590&rps=233","Možnost občasné práce z domova","teamIT s.r.o.","60 000 ‍–‍ 90 000 Kč",""
"Junior Manažer/ka správy databází","https://www.jobs.cz/rpd/1624951249/?searchId=7a7623f7-f918-4789-9dc1-e053a7e59590&rps=233","Možnost občasné práce z domova","PPG INDUSTRIES CZECH REPUBLIC, s.r.o.","",""
"Technology Program Discover - Junior Demand Manager","https://www.jobs.cz/rpd/1618052110/?searchId=7a7623f7-f918-4789-9dc1-e053a7e59590&rps=233","Odpověď do 2 týdnů","Vodafone Czech Republic a.s.","","Práce převážně z domova"
"Obchodní zástupce junior","https://www.jobs.cz/rpd/1625806051/?searchId=7a7623f7-f918-4789-9dc1-e053a7e59590&rps=233","Možnost občasné práce z domova","Halla, a.s.","","Odpovězte teď a budete mezi prvními"
"TAX CONSULTANT junior ž/m","https://www.jobs.cz/rpd/1538143326/?searchId=7a7623f7-f918-4789-9dc1-e053a7e59590&rps=233","Možnost občasné práce z domova","Rödl & Partner","",""
"AUDIT CONSULTANT JUNIOR  ž/m","https://www.jobs.cz/rpd/1613586189/?searchId=7a7623f7-f918-4789-9dc1-e053a7e59590&rps=233","Možnost občasné práce z domova","Rödl & Partner","",""
"Junior Security Analytik/čka do interního IT","https://www.jobs.cz/rpd/1625458753/?searchId=7a7623f7-f918-4789-9dc1-e053a7e59590&rps=233","Odpověď do 2 týdnů","ADASTRA, s.r.o.","",""
"KVALITÁŘ Junior","https://www.jobs.cz/rpd/2000048917/?searchId=7a7623f7-f918-4789-9dc1-e053a7e59590&rps=233","Odpověď do 2 týdnů","ALIMPEX FOOD a.s.","",""
"Finance / Office Assistant Junior","https://www.jobs.cz/rpd/2000051053/?searchId=7a7623f7-f918-4789-9dc1-e053a7e59590&rps=233","Odpověď do 2 týdnů","Air Dispatch (CLC) s.r.o.","","Možnost občasné práce z domova"
"Junior Supply Chain Specialist","https://www.jobs.cz/rpd/1624847004/?searchId=7a7623f7-f918-4789-9dc1-e053a7e59590&rps=233","","rohlik.cz","",""
"C# Developer pro interní Informační systém (junior/senior)","https://www.jobs.cz/rpd/1621311129/?searchId=7a7623f7-f918-4789-9dc1-e053a7e59590&rps=233","Možnost občasné práce z domova","RSJ Custody s.r.o.","",""
"Procesní poradenství a řízení rizik – Junior konzultant/ka","https://www.jobs.cz/rpd/1612875709/?searchId=7a7623f7-f918-4789-9dc1-e053a7e59590&rps=233","Odpověď do 2 týdnů","KPMG Česká republika, s.r.o.","","Možnost občasné práce z domova"
"STAVBYVEDOUCÍ JUNIOR","https://www.jobs.cz/rpd/1610790243/?searchId=7a7623f7-f918-4789-9dc1-e053a7e59590&rps=233","Odpověď do 2 týdnů","SYNER, s.r.o.","",""
"⭕ Specialista logistiky s AJ - Karlín ► JUNIOR/SENIOR ◄","https://www.jobs.cz/rpd/1626717471/?searchId=7a7623f7-f918-4789-9dc1-e053a7e59590&rps=233","","ProfesKontakt, s.r.o.","35 000 ‍–‍ 50 000 Kč",""
"Junior konzultant - Daně (možnost zkráceného úvazku)","https://www.jobs.cz/rpd/1475317515/?searchId=d27b11d6-d34e-46c5-92d7-cfa6349ac57a&rps=233","","EY","50 000 Kč",""
"Linux engineer - Junior/Medior, mezinárodní projekty","https://www.jobs.cz/rpd/1626712381/?searchId=d27b11d6-d34e-46c5-92d7-cfa6349ac57a&rps=233","Odpověď do 2 týdnů","BARTON Consulting s.r.o.","","Práce převážně z domova"
"Junior konzultant Audit (vhodné pro studenty/absolventy)","https://www.jobs.cz/rpd/1601514831/?searchId=d27b11d6-d34e-46c5-92d7-cfa6349ac57a&rps=233","Odpověď do 2 týdnů","BDO Group s.r.o.","","Možnost občasné práce z domova"
"Junior konzultant – Forenzní služby","https://www.jobs.cz/rpd/1617966091/?searchId=d27b11d6-d34e-46c5-92d7-cfa6349ac57a&rps=233","Možnost občasné práce z domova","EY","44 000 Kč",""
"Junior konzultant - Audit (Praha)","https://www.jobs.cz/rpd/1616255315/?searchId=d27b11d6-d34e-46c5-92d7-cfa6349ac57a&rps=233","","EY","44 000 Kč",""
"HR Junior – Recruitment a Employer Branding","https://www.jobs.cz/rpd/1615982784/?searchId=d27b11d6-d34e-46c5-92d7-cfa6349ac57a&rps=233","Odpověď do 2 týdnů","KPMG Česká republika, s.r.o.","","Možnost občasné práce z domova"
"Junior Hotline Support Specialist","https://www.jobs.cz/rpd/1626698783/?searchId=d27b11d6-d34e-46c5-92d7-cfa6349ac57a&rps=233","Odpověď do 2 týdnů","SPORTISIMO s.r.o.","","Možnost občasné práce z domova"
"Upisovatel/ka pojištění průmyslu - Junior","https://www.jobs.cz/rpd/1624351306/?searchId=d27b11d6-d34e-46c5-92d7-cfa6349ac57a&rps=233","Odpověď do 2 týdnů","Allianz pojišťovna, a.s.","","Možnost občasné práce z domova"
"Junior Recruiter - Příležitost i pro absolventy","https://www.jobs.cz/rpd/1626550005/?searchId=d27b11d6-d34e-46c5-92d7-cfa6349ac57a&rps=233","Odpověď do 2 týdnů","CoolPeople a.s.","35 000 ‍–‍ 50 000 Kč","Možnost občasné práce z domova"
"Junior Financial Controller","https://www.jobs.cz/rpd/1624312761/?searchId=d27b11d6-d34e-46c5-92d7-cfa6349ac57a&rps=233","","APS Investments s.r.o.","",""
"Junior účetní (i pro absolventy)","https://www.jobs.cz/rpd/1622567603/?searchId=d27b11d6-d34e-46c5-92d7-cfa6349ac57a&rps=233","Odpověď do 2 týdnů","Volkswagen Financial Services","","Možnost občasné práce z domova"
"Hlavní technik - facility manager junior","https://www.jobs.cz/rpd/1626685710/?searchId=d27b11d6-d34e-46c5-92d7-cfa6349ac57a&rps=233","Odpověď do 2 týdnů","ČEZ, a. s.","",""
"Junior advokát(ka), manažer(ka) advokátního týmu","https://www.jobs.cz/rpd/1605452521/?searchId=d27b11d6-d34e-46c5-92d7-cfa6349ac57a&rps=233","Odpověď do 2 týdnů","Frank Bold Advokáti, s.r.o.","70 000 ‍–‍ 80 000 Kč","Možnost občasné práce z domova"
"Junior specialist(k)a controllingu","https://www.jobs.cz/rpd/1621219572/?searchId=d27b11d6-d34e-46c5-92d7-cfa6349ac57a&rps=233","Odpověď do 2 týdnů","innogy Česká republika a.s.","","Možnost občasné práce z domova"
"Junior interní auditor/auditorka","https://www.jobs.cz/rpd/1625867654/?searchId=d27b11d6-d34e-46c5-92d7-cfa6349ac57a&rps=233","Možnost občasné práce z domova","Fio banka, a.s.","",""
"Účetní junior","https://www.jobs.cz/rpd/2000045098/?searchId=d27b11d6-d34e-46c5-92d7-cfa6349ac57a&rps=233","","3ok s.r.o.","33 500 ‍–‍ 40 000 Kč",""
"Projektant/ka, junior i senior, HO, flexi. prac. doba #IFnkT","https://www.jobs.cz/rpd/1626631379/?searchId=d27b11d6-d34e-46c5-92d7-cfa6349ac57a&rps=233","Možnost občasné práce z domova","INDEX NOSLUŠ s.r.o.","","Odpovězte teď a budete mezi prvními"
"Účetní v přátelském týmu, flexi prac. doba, i junior! #8YaSP","https://www.jobs.cz/rpd/1626631419/?searchId=d27b11d6-d34e-46c5-92d7-cfa6349ac57a&rps=233","Možnost občasné práce z domova","INDEX NOSLUŠ s.r.o.","","Odpovězte teď a budete mezi prvními"
"Referent/ka dopravy/logistiky, i junior, až 44.000Kč #GXDKS","https://www.jobs.cz/rpd/1626631475/?searchId=d27b11d6-d34e-46c5-92d7-cfa6349ac57a&rps=233","Odpovězte teď a budete mezi prvními","INDEX NOSLUŠ s.r.o.","",""
"Junior admin do finančního týmu","https://www.jobs.cz/rpd/1625265757/?searchId=d27b11d6-d34e-46c5-92d7-cfa6349ac57a&rps=233","Možnost občasné práce z domova","BONAMI.CZ, a.s.","33 000 Kč",""
"OFFICE MANAGER/KA - SENIOR / JUNIOR","https://www.jobs.cz/rpd/1626162652/?searchId=d27b11d6-d34e-46c5-92d7-cfa6349ac57a&rps=233","Možnost občasné práce z domova","VSHosting s.r.o.","",""
"Senior nebo junior účetní (ŽL, HPP)","https://www.jobs.cz/rpd/1623174055/?searchId=d27b11d6-d34e-46c5-92d7-cfa6349ac57a&rps=233","","acantha, s.r.o.","",""
"RELATIONSHIP MANAGER/KA PRO FLEET MANAGEMENT (junior)","https://www.jobs.cz/rpd/1624866831/?searchId=d27b11d6-d34e-46c5-92d7-cfa6349ac57a&rps=233","","UniCredit Leasing CZ, a.s.","",""
"Junior HR Generalist(k)a - Humanitární a rozvojová sekce","https://www.jobs.cz/rpd/1619323956/?searchId=d27b11d6-d34e-46c5-92d7-cfa6349ac57a&rps=233","Práce převážně z domova","Člověk v tísni, o.p.s.","34 000 ‍–‍ 38 000 Kč",""
"Junior Recruiter","https://www.jobs.cz/rpd/1626546779/?searchId=d27b11d6-d34e-46c5-92d7-cfa6349ac57a&rps=233","","rohlik.cz","",""
"NETWORK SPECIALIST - SÍŤOVÝ SPECIALISTA - JUNIOR","https://www.jobs.cz/rpd/1618643408/?searchId=d27b11d6-d34e-46c5-92d7-cfa6349ac57a&rps=233","Možnost občasné práce z domova","ČEPS, a.s.","",""
"Operátor/ka bezpečnostního dohledu IS - Junior/Senior","https://www.jobs.cz/rpd/1614572416/?searchId=d27b11d6-d34e-46c5-92d7-cfa6349ac57a&rps=233","Možnost občasné práce z domova","ČEPS, a.s.","",""
"Junior Data Analyst – recommendation engine","https://www.jobs.cz/rpd/1626569531/?searchId=d27b11d6-d34e-46c5-92d7-cfa6349ac57a&rps=233","Odpověď do 2 týdnů","Notino","","Možnost občasné práce z domova"
"Junior Stavař","https://www.jobs.cz/rpd/2000044640/?searchId=d27b11d6-d34e-46c5-92d7-cfa6349ac57a&rps=233","Odpověď do 2 týdnů","SOMI Applications and Services s.r.o.","28 000 ‍–‍ 40 000 Kč","Odpovězte teď a budete mezi prvními"
"Junior makléř – PRAHA 4/ M/Ž/ 30 000 -60 000 Kč","https://www.jobs.cz/rpd/1626554957/?searchId=d27b11d6-d34e-46c5-92d7-cfa6349ac57a&rps=233","Odpovězte teď a budete mezi prvními","TrodosFin s.r.o.","30 000 ‍–‍ 60 000 Kč",""
"IT specialista junior Praha 9 - Kbely","https://www.jobs.cz/rpd/1624271319/?searchId=d27b11d6-d34e-46c5-92d7-cfa6349ac57a&rps=233","Možnost občasné práce z domova","ASTRON print, s.r.o.","",""
"Junior C# .NET developer","https://www.jobs.cz/rpd/1624515022/?searchId=d27b11d6-d34e-46c5-92d7-cfa6349ac57a&rps=233","","Smarty CZ a.s.","50 000 ‍–‍ 80 000 Kč",""
"Junior Konzultant se zaměřením na převodní ceny","https://www.jobs.cz/rpd/1625251898/?searchId=d27b11d6-d34e-46c5-92d7-cfa6349ac57a&rps=233","Odpověď do 2 týdnů","Accace s.r.o.","","Možnost občasné práce z domova"
"Junior IT analytik/čka - New Current Account","https://www.jobs.cz/rpd/1619341698/?searchId=d27b11d6-d34e-46c5-92d7-cfa6349ac57a&rps=233","Odpověď do 2 týdnů","Komerční banka, a.s.","",""
"Účetní junior","https://www.jobs.cz/rpd/2000050214/?searchId=d27b11d6-d34e-46c5-92d7-cfa6349ac57a&rps=233","Odpovězte teď a budete mezi prvními","DEREZA, společnost s ručením omezeným","30 000 ‍–‍ 33 000 Kč",""
"Obchodní zástupce v mediální agentuře (vhodné i pro juniory)","https://www.jobs.cz/rpd/1626471321/?searchId=d27b11d6-d34e-46c5-92d7-cfa6349ac57a&rps=233","Odpověď do 2 týdnů","Talentinno s.r.o.","30 000 ‍–‍ 40 000 Kč","Možnost občasné práce z domova"
"Junior OBCHODNÍK","https://www.jobs.cz/rpd/1616697679/?searchId=d27b11d6-d34e-46c5-92d7-cfa6349ac57a&rps=233","Odpověď do 2 týdnů","UnionOcel, s.r.o.","","Možnost občasné práce z domova"
"Junior specialista - mimosoudního vymáhaní v Alektum, s.r.o.","https://www.jobs.cz/rpd/1623253352/?searchId=fc268b10-b08e-4a4a-b625-a35e05b53d23&rps=233","","Alektum, s.r.o.","43 000 ‍–‍ 45 000 Kč",""
"Projektant pozemních staveb - Junior/Senior","https://www.jobs.cz/rpd/1578094768/?searchId=fc268b10-b08e-4a4a-b625-a35e05b53d23&rps=233","Možnost občasné práce z domova","Bilfinger Tebodin Czech Republic, s.r.o.","",""
"JUNIOR COST SPECIALIST","https://www.jobs.cz/rpd/1626496259/?searchId=fc268b10-b08e-4a4a-b625-a35e05b53d23&rps=233","Odpověď do 2 týdnů","HOCHTIEF CZ a. s.","","Možnost občasné práce z domova"
"Poradenství při řešení sporů, oceňování – junior konzultant","https://www.jobs.cz/rpd/1612870356/?searchId=fc268b10-b08e-4a4a-b625-a35e05b53d23&rps=233","Odpověď do 2 týdnů","KPMG Česká republika, s.r.o.","","Možnost občasné práce z domova"
"PROJEKTANT ELEKTRO - junior - „POJĎ S NÁMI VYRÁBĚT PIVO“","https://www.jobs.cz/rpd/1562863698/?searchId=fc268b10-b08e-4a4a-b625-a35e05b53d23&rps=233","Možnost občasné práce z domova","ESONIC a.s.","",""
"Junior Product owner","https://www.jobs.cz/rpd/1626480117/?searchId=fc268b10-b08e-4a4a-b625-a35e05b53d23&rps=233","Odpověď do 2 týdnů","Vodafone Czech Republic a.s.","35 000 ‍–‍ 45 000 Kč",""
"Payroll Consultant junior","https://www.jobs.cz/rpd/1617957355/?searchId=fc268b10-b08e-4a4a-b625-a35e05b53d23&rps=233","Možnost občasné práce z domova","Harnol & Partners, s.r.o.","32 000 ‍–‍ 40 000 Kč",""
"Junior daňový konzultant/ka – Praha","https://www.jobs.cz/rpd/1581987034/?searchId=fc268b10-b08e-4a4a-b625-a35e05b53d23&rps=233","Odpověď do 2 týdnů","KPMG Česká republika, s.r.o.","","Možnost občasné práce z domova"
"Obchodník Junior (M/Ž) pro technologie","https://www.jobs.cz/rpd/1615749185/?searchId=fc268b10-b08e-4a4a-b625-a35e05b53d23&rps=233","Odpovězte teď a budete mezi prvními","M2C","",""
"Junior Graphic Designer","https://www.jobs.cz/rpd/1626000120/?searchId=fc268b10-b08e-4a4a-b625-a35e05b53d23&rps=233","Možnost občasné práce z domova","Cheil Germany GmbH, organizační složka","",""
"JUNIOR BARTENDER Cloud 9 Sky Bar & Lounge - Hilton Prague","https://www.jobs.cz/rpd/1611586979/?searchId=fc268b10-b08e-4a4a-b625-a35e05b53d23&rps=233","","Hilton hotels","26 500 ‍–‍ 29 800 Kč",""
"Junior Sales & Operations with English (A363)","https://www.jobs.cz/rpd/1625986686/?searchId=fc268b10-b08e-4a4a-b625-a35e05b53d23&rps=233","Odpověď do 2 týdnů","Mazars s.r.o.","","Možnost občasné práce z domova"
"SALES DEVELOPMENT REPRESENTATIVE /  JUNIOR ACCOUNT EXECUTIVE","https://www.jobs.cz/rpd/1620175770/?searchId=fc268b10-b08e-4a4a-b625-a35e05b53d23&rps=233","Možnost občasné práce z domova","LutherOne a.s.","",""
"Účetní specialista - všeobecné účetnictví (junior/medior)","https://www.jobs.cz/rpd/1626440068/?searchId=fc268b10-b08e-4a4a-b625-a35e05b53d23&rps=233","Odpověď do 2 týdnů","Vodafone Czech Republic a.s.","","Možnost občasné práce z domova"
"STAVBYVEDOUCÍ TZB JUNIOR","https://www.jobs.cz/rpd/1615087860/?searchId=fc268b10-b08e-4a4a-b625-a35e05b53d23&rps=233","Odpověď do 2 týdnů","SYNER, s.r.o.","",""
"Junior risk manager","https://www.jobs.cz/rpd/1623672510/?searchId=fc268b10-b08e-4a4a-b625-a35e05b53d23&rps=233","Možnost občasné práce z domova","RSJ Custody s.r.o.","40 000 ‍–‍ 70 000 Kč",""
"NETWORK SPECIALIST - SÍŤOVÝ SPECIALISTA (junior-medior)","https://www.jobs.cz/rpd/1625134060/?searchId=fc268b10-b08e-4a4a-b625-a35e05b53d23&rps=233","Odpověď do 2 týdnů","TOTAL SERVICE a.s.","","Možnost občasné práce z domova"
"Junior Facility Manager (M/Ž) – Praha","https://www.jobs.cz/rpd/1613542921/?searchId=fc268b10-b08e-4a4a-b625-a35e05b53d23&rps=233","","M2C","",""
"⋙ Business Analytik Junior ⋘","https://www.jobs.cz/rpd/1626396736/?searchId=fc268b10-b08e-4a4a-b625-a35e05b53d23&rps=233","Odpověď do 2 týdnů","mBlue Czech, s.r.o.","","Možnost občasné práce z domova"
"Junior specialista pro zahraniční daně","https://www.jobs.cz/rpd/2000043913/?searchId=fc268b10-b08e-4a4a-b625-a35e05b53d23&rps=233","","NeoTax s.r.o.","",""
"Corporate dealer - Junior","https://www.jobs.cz/rpd/1626380249/?searchId=fc268b10-b08e-4a4a-b625-a35e05b53d23&rps=233","Odpověď do 2 týdnů","Banka CREDITAS a.s.","","Odpovězte teď a budete mezi prvními"
"Junior Purchasing manager","https://www.jobs.cz/rpd/1625542672/?searchId=fc268b10-b08e-4a4a-b625-a35e05b53d23&rps=233","Odpověď do 2 týdnů","Pepper - Decor s.r.o.","36 000 ‍–‍ 40 000 Kč","Možnost občasné práce z domova"
"Junior IT Specialist","https://www.jobs.cz/rpd/1626364423/?searchId=fc268b10-b08e-4a4a-b625-a35e05b53d23&rps=233","Možnost občasné práce z domova","Smarty CZ a.s.","",""
"Junior Sales Manager - obchodník s investičními produkty","https://www.jobs.cz/rpd/1613902965/?searchId=fc268b10-b08e-4a4a-b625-a35e05b53d23&rps=233","","BH Securities a.s.","50 000 ‍–‍ 100 000 Kč",""
"IDM / IAM Specialist junior","https://www.jobs.cz/rpd/1624118981/?searchId=fc268b10-b08e-4a4a-b625-a35e05b53d23&rps=233","Možnost občasné práce z domova","embedIT","",""
"IT specialista junior","https://www.jobs.cz/rpd/1616606546/?searchId=fc268b10-b08e-4a4a-b625-a35e05b53d23&rps=233","","ABAS IPS Management s.r.o.","45 000 ‍–‍ 60 000 Kč",""
"ÚČETNÍ JUNIOR - Možnost Home Office","https://www.jobs.cz/rpd/1626350580/?searchId=fc268b10-b08e-4a4a-b625-a35e05b53d23&rps=233","Odpověď do 2 týdnů","E-Consulting Czech s.r.o.","30 000 ‍–‍ 39 000 Kč","Možnost občasné práce z domova"
"JUNIOR FINANČNÍ MANAŽER/KA  pro kancelář v Praze","https://www.jobs.cz/rpd/1625050220/?searchId=fc268b10-b08e-4a4a-b625-a35e05b53d23&rps=233","Možnost občasné práce z domova","RUBIKON Centrum","35 000 ‍–‍ 45 000 Kč",""
"Product Manager junior","https://www.jobs.cz/rpd/1626343808/?searchId=fc268b10-b08e-4a4a-b625-a35e05b53d23&rps=233","","Lactalis CZ, s.r.o.","",""
"Projektový manažer- junior","https://www.jobs.cz/rpd/1625047798/?searchId=fc268b10-b08e-4a4a-b625-a35e05b53d23&rps=233","Možnost občasné práce z domova","MERITIA consult, s.r.o.","50 000 ‍–‍ 70 000 Kč",""
"Junior Konzultant/ka (absolventi, studenti, částečný úvazek)","https://www.jobs.cz/rpd/1625835308/?searchId=fc268b10-b08e-4a4a-b625-a35e05b53d23&rps=233","Možnost občasné práce z domova","Ayming Česká republika s.r.o.","",""
"Junior Investment Analyst","https://www.jobs.cz/rpd/2000049080/?searchId=fc268b10-b08e-4a4a-b625-a35e05b53d23&rps=233","","CEIP Advisor a.s.","45 000 ‍–‍ 90 000 Kč",""
"Junior IT Analytik - Praha Anděl","https://www.jobs.cz/rpd/1626307549/?searchId=fc268b10-b08e-4a4a-b625-a35e05b53d23&rps=233","Odpověď do 2 týdnů","ARBES Technologies, a.s.","45 000 ‍–‍ 50 000 Kč","Možnost občasné práce z domova"
"ADVOKÁTNÍ KONCIPIENT – JUNIOR","https://www.jobs.cz/rpd/2000048972/?searchId=fc268b10-b08e-4a4a-b625-a35e05b53d23&rps=233","Možnost občasné práce z domova","PRK Partners s.r.o. advokátní kancelář","","Odpovězte teď a budete mezi prvními"
"Junior konzultant/ka v Transfer Pricing - převodní ceny","https://www.jobs.cz/rpd/1623503652/?searchId=fc268b10-b08e-4a4a-b625-a35e05b53d23&rps=233","Odpověď do 2 týdnů","PricewaterhouseCoopers Česká republika, s.r.o.","","Možnost občasné práce z domova"
"(Junior) Finance Operations Specialist","https://www.jobs.cz/rpd/1625478974/?searchId=fc268b10-b08e-4a4a-b625-a35e05b53d23&rps=233","Odpověď do 2 týdnů","International Study Programs, s.r.o.","","Práce převážně z domova"
"Junior právník Legal Assistance","https://www.jobs.cz/rpd/1626286564/?searchId=fc268b10-b08e-4a4a-b625-a35e05b53d23&rps=233","Práce převážně z domova","AXA ASSISTANCE CZ, s.r.o.","",""
"KYBERBEZPEČNOST junior/senior @NAKIT","https://www.jobs.cz/rpd/1626279848/?searchId=f985ba95-122d-405e-a8a5-736b59a5cff2&rps=233","Odpověď do 2 týdnů","NAKIT, s. p.","",""
"PŘÍPRAVÁŘ JUNIOR - STAVEBNÍ DIVIZE GARTAL","https://www.jobs.cz/rpd/1621267492/?searchId=f985ba95-122d-405e-a8a5-736b59a5cff2&rps=233","Možnost občasné práce z domova","GARTAL Management a.s.","40 000 ‍–‍ 55 000 Kč",""
"Junior Partner Support Specialist","https://www.jobs.cz/rpd/1617927242/?searchId=f985ba95-122d-405e-a8a5-736b59a5cff2&rps=233","Možnost občasné práce z domova","MallGroup","",""
"Junior Embedded System Developer","https://www.jobs.cz/rpd/1610211497/?searchId=f985ba95-122d-405e-a8a5-736b59a5cff2&rps=233","","Škoda Digital s.r.o.","",""
"Junior specialista controllingu pro Bageterii Boulevard","https://www.jobs.cz/rpd/1626246761/?searchId=f985ba95-122d-405e-a8a5-736b59a5cff2&rps=233","","Crocodille ČR, spol. s r.o.","",""
"IT auditor/ -ka (junior nebo senior)","https://www.jobs.cz/rpd/1626241928/?searchId=f985ba95-122d-405e-a8a5-736b59a5cff2&rps=233","Možnost občasné práce z domova","ČSOB Československá obchodní banka, a. s.","",""
"⭕ Projektant -  technologická zařízení JUNIOR/SENIOR","https://www.jobs.cz/rpd/1615570089/?searchId=f985ba95-122d-405e-a8a5-736b59a5cff2&rps=233","Možnost občasné práce z domova","ProfesKontakt, s.r.o.","",""
"⭕ Junior Logistik v FMCG_Karlín","https://www.jobs.cz/rpd/1626239747/?searchId=f985ba95-122d-405e-a8a5-736b59a5cff2&rps=233","","ProfesKontakt, s.r.o.","35 000 ‍–‍ 45 000 Kč",""
"Junior Recruiter - nastartuj svou kariéru v HR","https://www.jobs.cz/rpd/1624946157/?searchId=f985ba95-122d-405e-a8a5-736b59a5cff2&rps=233","Odpověď do 2 týdnů","CoolPeople a.s.","35 000 ‍–‍ 50 000 Kč","Možnost občasné práce z domova"
"ZKUŠEBNÍ TECHNIK ELEKTRO junior/senior","https://www.jobs.cz/rpd/1610154732/?searchId=f985ba95-122d-405e-a8a5-736b59a5cff2&rps=233","Odpověď do 2 týdnů","AUFEER DESIGN, s.r.o.","55 000 ‍–‍ 80 000 Kč","Možnost občasné práce z domova"
"Junior core system developer - GraphTalk","https://www.jobs.cz/rpd/1622154822/?searchId=f985ba95-122d-405e-a8a5-736b59a5cff2&rps=233","Odpověď do 2 týdnů","NN","","Práce převážně z domova"
"JUNIOR SPECIALISTA OBCHODNÍHO ODDDĚLENÍ","https://www.jobs.cz/rpd/1624273158/?searchId=f985ba95-122d-405e-a8a5-736b59a5cff2&rps=233","","JISTU recruitment s.r.o.","35 000 ‍–‍ 50 000 Kč",""
"Účetní v přátelském týmu, flexi prac. doba, i junior! #8YaSP","https://www.jobs.cz/rpd/1626171274/?searchId=f985ba95-122d-405e-a8a5-736b59a5cff2&rps=233","Možnost občasné práce z domova","INDEX NOSLUŠ s.r.o.","",""
"English Junior Payroll Specialist - Paid training provided!","https://www.jobs.cz/rpd/1626164789/?searchId=f985ba95-122d-405e-a8a5-736b59a5cff2&rps=233","Možnost občasné práce z domova","ADP Employer Services Česká republika, a.s.","",""
"French Junior Payroll Specialist - Paid training provided!","https://www.jobs.cz/rpd/1626159021/?searchId=f985ba95-122d-405e-a8a5-736b59a5cff2&rps=233","Možnost občasné práce z domova","ADP Employer Services Česká republika, a.s.","",""
"Specialista marketingu junior","https://www.jobs.cz/rpd/1623372891/?searchId=f985ba95-122d-405e-a8a5-736b59a5cff2&rps=233","","Veolia Energie ČR, a.s.","",""
"Big Data Engineer Junior","https://www.jobs.cz/rpd/1611556534/?searchId=f985ba95-122d-405e-a8a5-736b59a5cff2&rps=233","","embedIT","",""
"Specialista komunikace  -  vhodné i pro Juniory","https://www.jobs.cz/rpd/1623522562/?searchId=f985ba95-122d-405e-a8a5-736b59a5cff2&rps=233","Možnost občasné práce z domova","LKQ CZ s.r.o.","",""
"HR Business Partner/ka junior","https://www.jobs.cz/rpd/1626104304/?searchId=f985ba95-122d-405e-a8a5-736b59a5cff2&rps=233","Odpověď do 2 týdnů","ORLEN Unipetrol RPA, s.r.o.","",""
"Specialista marketingu - JUNIOR (VHODNÉ PRO ABSOLVENTY)","https://www.jobs.cz/rpd/1626075985/?searchId=f985ba95-122d-405e-a8a5-736b59a5cff2&rps=233","","ManpowerGroup s.r.o.","",""
"Junior konzultant-Převodní ceny (možnost zkráceného úvazku)","https://www.jobs.cz/rpd/1621550681/?searchId=f985ba95-122d-405e-a8a5-736b59a5cff2&rps=233","","EY","50 000 Kč",""
"Data Inženýr Junior (M/Ž)","https://www.jobs.cz/rpd/1626055112/?searchId=f985ba95-122d-405e-a8a5-736b59a5cff2&rps=233","Odpověď do 2 týdnů","ČEZ, a. s.","","Možnost občasné práce z domova"
"Junior Cost Controller","https://www.jobs.cz/rpd/1626041046/?searchId=f985ba95-122d-405e-a8a5-736b59a5cff2&rps=233","Odpověď do 2 týdnů","NN","","Možnost občasné práce z domova"
"Junior konzultant - Corporate finance","https://www.jobs.cz/rpd/1626037247/?searchId=f985ba95-122d-405e-a8a5-736b59a5cff2&rps=233","Možnost občasné práce z domova","EY","",""
"Junior konzultant – tým Korporátních financí","https://www.jobs.cz/rpd/1626037178/?searchId=f985ba95-122d-405e-a8a5-736b59a5cff2&rps=233","Možnost občasné práce z domova","EY","",""
"Junior konzultant – tým Due Diligence","https://www.jobs.cz/rpd/1626036540/?searchId=f985ba95-122d-405e-a8a5-736b59a5cff2&rps=233","Možnost občasné práce z domova","EY","",""
"Junior Data Scientist","https://www.jobs.cz/rpd/1626035054/?searchId=f985ba95-122d-405e-a8a5-736b59a5cff2&rps=233","Možnost občasné práce z domova","EY","",""
"Junior UX Designer - Mobilní aplikace","https://www.jobs.cz/rpd/1620885602/?searchId=f985ba95-122d-405e-a8a5-736b59a5cff2&rps=233","Možnost občasné práce z domova","embedIT","",""
"Accounting Advisory Services – Junior konzultant/ka","https://www.jobs.cz/rpd/1612876610/?searchId=f985ba95-122d-405e-a8a5-736b59a5cff2&rps=233","Odpověď do 2 týdnů","KPMG Česká republika, s.r.o.","","Možnost občasné práce z domova"
"Junior konzultant - tým Energetiky","https://www.jobs.cz/rpd/1623831799/?searchId=f985ba95-122d-405e-a8a5-736b59a5cff2&rps=233","Možnost občasné práce z domova","EY","",""
"Junior Consultant - Finance & Treasury","https://www.jobs.cz/rpd/1619043809/?searchId=f985ba95-122d-405e-a8a5-736b59a5cff2&rps=233","Odpověď do 2 týdnů","PricewaterhouseCoopers Česká republika, s.r.o.","","Možnost občasné práce z domova"
"⭕ Specialista logistiky s AJ - Karlín ► junior/senior ◄","https://www.jobs.cz/rpd/1625925260/?searchId=f985ba95-122d-405e-a8a5-736b59a5cff2&rps=233","","ProfesKontakt, s.r.o.","38 000 ‍–‍ 50 000 Kč",""
"Junior Architekt - Infrastruktura","https://www.jobs.cz/rpd/1625891479/?searchId=f985ba95-122d-405e-a8a5-736b59a5cff2&rps=233","Možnost občasné práce z domova","CETIN a.s.","",""
"IT BUSINESS ANALYTIK JUNIOR","https://www.jobs.cz/rpd/1625881707/?searchId=f985ba95-122d-405e-a8a5-736b59a5cff2&rps=233","Práce převážně z domova","AAA Auto (AURES Holdings a.s.)","",""
"IT Project Manager (junior)","https://www.jobs.cz/rpd/1625866139/?searchId=f985ba95-122d-405e-a8a5-736b59a5cff2&rps=233","Možnost občasné práce z domova","Moore Czech Republic s.r.o.","35 000 ‍–‍ 45 000 Kč",""
"Junior IT Business Analyst","https://www.jobs.cz/rpd/1603955866/?searchId=f985ba95-122d-405e-a8a5-736b59a5cff2&rps=233","Možnost občasné práce z domova","MND Energie a.s.","",""
"Specialista komunikace - junior (možnost zkráceného úvazku)","https://www.jobs.cz/rpd/1625826218/?searchId=f985ba95-122d-405e-a8a5-736b59a5cff2&rps=233","Možnost občasné práce z domova","SAINT-GOBAIN","",""
"Informatik - analytik/vedoucí projektu junior","https://www.jobs.cz/rpd/1625820965/?searchId=cb6c8174-ee20-4418-bc23-7ac2fd38a0ae&rps=233","Možnost občasné práce z domova","Pražská energetika, a.s.","",""
"Junior Recruiter - vítáme i absolventy","https://www.jobs.cz/rpd/1625806830/?searchId=cb6c8174-ee20-4418-bc23-7ac2fd38a0ae&rps=233","Možnost občasné práce z domova","QUICKSOURCE spol. s r. o.","",""
"Junior/senior IT Business analytik/čka","https://www.jobs.cz/rpd/1604759658/?searchId=cb6c8174-ee20-4418-bc23-7ac2fd38a0ae&rps=233","Možnost občasné práce z domova","Česká spořitelna, a.s.","",""
"Konstruktér junior - elektrická konstrukce","https://www.jobs.cz/rpd/1610416533/?searchId=cb6c8174-ee20-4418-bc23-7ac2fd38a0ae&rps=233","Možnost občasné práce z domova","ŠKODA TRANSPORTATION a.s.","",""
"Konstruktér junior - mechanická konstrukce","https://www.jobs.cz/rpd/1610467119/?searchId=cb6c8174-ee20-4418-bc23-7ac2fd38a0ae&rps=233","Možnost občasné práce z domova","ŠKODA TRANSPORTATION a.s.","",""
"Hardware vývojář JUNIOR/ABSOLVENT","https://www.jobs.cz/rpd/1576091925/?searchId=cb6c8174-ee20-4418-bc23-7ac2fd38a0ae&rps=233","Možnost občasné práce z domova","BTL Medical","",""
"Účetní - hledáme i juniory!","https://www.jobs.cz/rpd/1595825810/?searchId=cb6c8174-ee20-4418-bc23-7ac2fd38a0ae&rps=233","Možnost občasné práce z domova","Acredité","",""
"Junior HR Specialist - nastartuj kariéru v interním náboru","https://www.jobs.cz/rpd/1625660669/?searchId=cb6c8174-ee20-4418-bc23-7ac2fd38a0ae&rps=233","Možnost občasné práce z domova","CoolPeople a.s.","35 000 ‍–‍ 50 000 Kč",""
"Junior Delivery Manažer (m/ž)","https://www.jobs.cz/rpd/1624590460/?searchId=cb6c8174-ee20-4418-bc23-7ac2fd38a0ae&rps=233","","T-Mobile Czech Republic a.s.","",""
"E/E-Architecture developer (Senior/Junior) (f/m/d)","https://www.jobs.cz/rpd/1618293561/?searchId=cb6c8174-ee20-4418-bc23-7ac2fd38a0ae&rps=233","Možnost občasné práce z domova","Porsche Engineering Services, s.r.o.","",""
"Junior Marketing Account Specialist","https://www.jobs.cz/rpd/1625683162/?searchId=cb6c8174-ee20-4418-bc23-7ac2fd38a0ae&rps=233","Možnost občasné práce z domova","Internet Mall, a.s.","",""
"Scheduler elektřiny junior - Trading (M/Ž)","https://www.jobs.cz/rpd/1625655450/?searchId=cb6c8174-ee20-4418-bc23-7ac2fd38a0ae&rps=233","","ČEZ, a. s.","",""
"Financial Instruments Accounting – Junior konzultant/ka","https://www.jobs.cz/rpd/1606485011/?searchId=cb6c8174-ee20-4418-bc23-7ac2fd38a0ae&rps=233","Možnost občasné práce z domova","KPMG Česká republika, s.r.o.","",""
"Finanční účetní/specialista junior pro PetCenter CZ,SK","https://www.jobs.cz/rpd/1623621265/?searchId=cb6c8174-ee20-4418-bc23-7ac2fd38a0ae&rps=233","Možnost občasné práce z domova","PetCenter CZ s.r.o.","30 000 ‍–‍ 35 000 Kč",""
"Pracovník řízení produktů a prodeje-junior (e-mobilita)","https://www.jobs.cz/rpd/1622279040/?searchId=cb6c8174-ee20-4418-bc23-7ac2fd38a0ae&rps=233","Možnost občasné práce z domova","Pražská energetika, a.s.","",""
"Recruitment Specialist Junior","https://www.jobs.cz/rpd/1625533074/?searchId=cb6c8174-ee20-4418-bc23-7ac2fd38a0ae&rps=233","Možnost občasné práce z domova","PPL CZ s.r.o.","",""
"Junior consultant - Public Sector","https://www.jobs.cz/rpd/1623499970/?searchId=cb6c8174-ee20-4418-bc23-7ac2fd38a0ae&rps=233","Možnost občasné práce z domova","EY","",""
"Finanční účetní-JUNIOR","https://www.jobs.cz/rpd/1618169272/?searchId=cb6c8174-ee20-4418-bc23-7ac2fd38a0ae&rps=233","Možnost občasné práce z domova","Porsche Inter Auto CZ spol. s r.o.","",""
"Specialista/ka nákupu - JUNIOR/SENIOR","https://www.jobs.cz/rpd/1617302934/?searchId=cb6c8174-ee20-4418-bc23-7ac2fd38a0ae&rps=233","Možnost občasné práce z domova","ČEPS, a.s.","",""
"Junior property manager/správce nemovitostí s AJ","https://www.jobs.cz/rpd/1625439485/?searchId=cb6c8174-ee20-4418-bc23-7ac2fd38a0ae&rps=233","","Orienta Czech s.r.o.","75 000 ‍–‍ 85 000 Kč",""
"Strategický nákupčí junior","https://www.jobs.cz/rpd/1621776140/?searchId=cb6c8174-ee20-4418-bc23-7ac2fd38a0ae&rps=233","","BTL Medical","",""
"Junior/Specialist/Senior Specialist HR Support Services","https://www.jobs.cz/rpd/1620606144/?searchId=cb6c8174-ee20-4418-bc23-7ac2fd38a0ae&rps=233","Možnost občasné práce z domova","Siemens s.r.o.","",""
"Junior analytik/konzultant - Accounting Processes Advisory","https://www.jobs.cz/rpd/1625352948/?searchId=cb6c8174-ee20-4418-bc23-7ac2fd38a0ae&rps=233","Možnost občasné práce z domova","Deloitte","",""
"Junior konzultant pro energetiku (m/ž) - Praha","https://www.jobs.cz/rpd/1625331032/?searchId=cb6c8174-ee20-4418-bc23-7ac2fd38a0ae&rps=233","Odpovězte teď a budete mezi prvními","STRABAG a.s.","",""
"Junior Nákupčí","https://www.jobs.cz/rpd/1617849261/?searchId=cb6c8174-ee20-4418-bc23-7ac2fd38a0ae&rps=233","","Digiteq Automotive s.r.o.","",""
"⋙JUNIOR ERP KONZULTANT⋘","https://www.jobs.cz/rpd/1625319754/?searchId=cb6c8174-ee20-4418-bc23-7ac2fd38a0ae&rps=233","","mBlue Czech, s.r.o.","",""
"Systémový analytik/analytička junior/Praha","https://www.jobs.cz/rpd/1625304193/?searchId=cb6c8174-ee20-4418-bc23-7ac2fd38a0ae&rps=233","Možnost občasné práce z domova","ČD Cargo, a.s.","",""
"Junior QA Inženýr (plný/zkrácený úvazek)","https://www.jobs.cz/rpd/1613593240/?searchId=cb6c8174-ee20-4418-bc23-7ac2fd38a0ae&rps=233","","Veeam Software (Czech Republic) s.r.o.","60 000 ‍–‍ 90 000 Kč",""
"Účetní - junior","https://www.jobs.cz/rpd/1625288533/?searchId=cb6c8174-ee20-4418-bc23-7ac2fd38a0ae&rps=233","","AutoESA a.s.","32 000 ‍–‍ 35 000 Kč",""
"Junior mzdová účetní bez AJ - Praha/Brno","https://www.jobs.cz/rpd/1625245302/?searchId=cb6c8174-ee20-4418-bc23-7ac2fd38a0ae&rps=233","Možnost občasné práce z domova","ManpowerGroup s.r.o.","",""
"Marketingový/á manažer/ka (vhodné pro šikovného juniora)","https://www.jobs.cz/rpd/1625239763/?searchId=cb6c8174-ee20-4418-bc23-7ac2fd38a0ae&rps=233","","Klinika Yes Visage a.s.","",""
"Junior Obchodník do Reality.iDNES.cz","https://www.jobs.cz/rpd/1588910114/?searchId=cb6c8174-ee20-4418-bc23-7ac2fd38a0ae&rps=233","","Mediální skupina MAFRA","",""
"Junior specialista IFRS reportingu","https://www.jobs.cz/rpd/1613718886/?searchId=cb6c8174-ee20-4418-bc23-7ac2fd38a0ae&rps=233","Možnost občasné práce z domova","MONETA Money Bank, a.s.","",""
"Financial Risk Management – Junior konzultant/ka","https://www.jobs.cz/rpd/1611181439/?searchId=cb6c8174-ee20-4418-bc23-7ac2fd38a0ae&rps=233","Možnost občasné práce z domova","KPMG Česká republika, s.r.o.","",""
"ÚČETNÍ JUNIOR S AMBICÍ (M/Ž)","https://www.jobs.cz/rpd/1623045986/?searchId=cb6c8174-ee20-4418-bc23-7ac2fd38a0ae&rps=233","","ČEZ, a. s.","",""
"Stavbyvedoucí junior  - mosty","https://www.jobs.cz/rpd/1616903931/?searchId=cb6c8174-ee20-4418-bc23-7ac2fd38a0ae&rps=233","","Metrostav TBR a.s.","",""
"Technik kvality junior - dopravní stavby","https://www.jobs.cz/rpd/1616905000/?searchId=cb6c8174-ee20-4418-bc23-7ac2fd38a0ae&rps=233","","Metrostav TBR a.s.","",""
"Junior konzultant/analytik–tým Interní audit a řízení rizik","https://www.jobs.cz/rpd/1617522517/?searchId=61766f08-8724-40fe-9ae5-b04d00491c69&rps=233","Možnost občasné práce z domova","EY","",""
"Junior konzultant – tým Procesní redesign","https://www.jobs.cz/rpd/1614246184/?searchId=61766f08-8724-40fe-9ae5-b04d00491c69&rps=233","Možnost občasné práce z domova","EY","",""
"Marketing & Employer Branding Junior","https://www.jobs.cz/rpd/1625080505/?searchId=61766f08-8724-40fe-9ae5-b04d00491c69&rps=233","","KPMG Česká republika, s.r.o.","",""
"Junior Koordinátor péče o zákazníky","https://www.jobs.cz/rpd/1625053297/?searchId=61766f08-8724-40fe-9ae5-b04d00491c69&rps=233","","W.A.G. payment solutions, a.s.","",""
"PLC Test Engineer  junior/senior, řídící systémy","https://www.jobs.cz/rpd/1625006956/?searchId=61766f08-8724-40fe-9ae5-b04d00491c69&rps=233","","R4U s.r.o.","45 000 ‍–‍ 90 000 Kč",""
"Junior Marketing Specialist  ‍‍","https://www.jobs.cz/rpd/1625004769/?searchId=61766f08-8724-40fe-9ae5-b04d00491c69&rps=233","","COOL CREDIT, s.r.o.","",""
"Junior Project Manager - šance pro absolventy","https://www.jobs.cz/rpd/1624998743/?searchId=61766f08-8724-40fe-9ae5-b04d00491c69&rps=233","Možnost občasné práce z domova","H1.cz s.r.o.","",""
"FINANČNÍ CONTROLLER junior","https://www.jobs.cz/rpd/1624999642/?searchId=61766f08-8724-40fe-9ae5-b04d00491c69&rps=233","","Schindler CZ, a.s.","",""
"JUNIOR BACK OFFICE SPECIALISTA - KORPORÁTNÍ ÚVĚRY","https://www.jobs.cz/rpd/1623261560/?searchId=61766f08-8724-40fe-9ae5-b04d00491c69&rps=233","Možnost občasné práce z domova","J&T BANKA","",""
"⭕ OBCHODNÍ ZÁSTUPCE VZV - Šance pro juniory!","https://www.jobs.cz/rpd/1620139013/?searchId=61766f08-8724-40fe-9ae5-b04d00491c69&rps=233","Možnost občasné práce z domova","ProfesKontakt, s.r.o.","35 000 ‍–‍ 65 000 Kč",""
"Junior/Senior AML Consultant","https://www.jobs.cz/rpd/1622835011/?searchId=61766f08-8724-40fe-9ae5-b04d00491c69&rps=233","","PricewaterhouseCoopers Česká republika, s.r.o.","",""
"Discover Trainee Program - Junior Business Executive","https://www.jobs.cz/rpd/1617200536/?searchId=61766f08-8724-40fe-9ae5-b04d00491c69&rps=233","Práce převážně z domova","Vodafone Czech Republic a.s.","",""
"Junior HR - nábor interních pozic","https://www.jobs.cz/rpd/1624933021/?searchId=61766f08-8724-40fe-9ae5-b04d00491c69&rps=233","Možnost občasné práce z domova","CoolPeople a.s.","35 000 ‍–‍ 50 000 Kč",""
"Junior konzultant pro interní kontroly – tým Enterprise Risk","https://www.jobs.cz/rpd/1614245203/?searchId=61766f08-8724-40fe-9ae5-b04d00491c69&rps=233","Možnost občasné práce z domova","EY","",""
"Kyberbezpečnost - ISMS - junior/senior (M*F)","https://www.jobs.cz/rpd/1616973512/?searchId=61766f08-8724-40fe-9ae5-b04d00491c69&rps=233","","NAKIT, s. p.","",""
"Junior Marketing Specialista","https://www.jobs.cz/rpd/1621520649/?searchId=61766f08-8724-40fe-9ae5-b04d00491c69&rps=233","Možnost občasné práce z domova","TSR Czech Republic s.r.o.","",""
"Test Automation Engineer R&D","https://www.jobs.cz/rpd/1626391194/?searchId=61766f08-8724-40fe-9ae5-b04d00491c69&rps=233","Možnost občasné práce z domova","People Consulting s.r.o.","",""
"C++ Software Developer – Smart Mobility (f/m/d)","https://www.jobs.cz/rpd/1624678052/?searchId=61766f08-8724-40fe-9ae5-b04d00491c69&rps=233","Možnost občasné práce z domova","Porsche Engineering Services, s.r.o.","",""
"Automation test engineer lover's - hiring!","https://www.jobs.cz/rpd/1626247441/?searchId=61766f08-8724-40fe-9ae5-b04d00491c69&rps=233","Možnost občasné práce z domova","People Consulting s.r.o.","50 000 ‍–‍ 100 000 Kč","Odpovězte teď a budete mezi prvními"
"Fullstack Developer (A2081)","https://www.jobs.cz/rpd/1625190483/?searchId=61766f08-8724-40fe-9ae5-b04d00491c69&rps=233","Možnost občasné práce z domova","Future Recruitment s.r.o.","",""
"Automation Engineer/Tool Developer - HIL DSpace","https://www.jobs.cz/rpd/1617932484/?searchId=61766f08-8724-40fe-9ae5-b04d00491c69&rps=233","Možnost občasné práce z domova","AUFEER DESIGN, s.r.o.","60 000 ‍–‍ 90 000 Kč",""
"Cloud Engineer - Prague (f/m/d)","https://www.jobs.cz/rpd/1621471248/?searchId=61766f08-8724-40fe-9ae5-b04d00491c69&rps=233","Možnost občasné práce z domova","Porsche Engineering Services, s.r.o.","",""
"Cloud DevOps Engineer","https://www.jobs.cz/rpd/1625299271/?searchId=61766f08-8724-40fe-9ae5-b04d00491c69&rps=233","Možnost občasné práce z domova","CS SOFT a. s.","80 000 ‍–‍ 110 000 Kč",""
"Application engineer s vášní pro automatizaci - skvělý tým:)","https://www.jobs.cz/rpd/1626247607/?searchId=61766f08-8724-40fe-9ae5-b04d00491c69&rps=233","Práce převážně z domova","People Consulting s.r.o.","","Odpovězte teď a budete mezi prvními"
"Senior NLP Data Scientist for AI Centre (m/f)","https://www.jobs.cz/rpd/1626644111/?searchId=61766f08-8724-40fe-9ae5-b04d00491c69&rps=233","Možnost občasné práce z domova","O2 Czech Republic a.s.","",""
"Talented Cloud System Engineer (full remote CZ)","https://www.jobs.cz/rpd/1625209411/?searchId=61766f08-8724-40fe-9ae5-b04d00491c69&rps=233","Práce převážně z domova","Infor (Česká republika) s.r.o.","",""
"SYSTÉMOVÝ TEST INŽENÝR - CHYTRÁ AUTA","https://www.jobs.cz/rpd/1597626938/?searchId=61766f08-8724-40fe-9ae5-b04d00491c69&rps=233","Možnost občasné práce z domova","VALEO PRAHA","",""
"Javascript vývojář - AI startup","https://www.jobs.cz/rpd/1594415377/?searchId=61766f08-8724-40fe-9ae5-b04d00491c69&rps=233","Práce převážně z domova","Luxonis","70 000 ‍–‍ 140 000 Kč",""
"Datový analytik pro online marketing (m/ž)","https://www.jobs.cz/rpd/1617319699/?searchId=61766f08-8724-40fe-9ae5-b04d00491c69&rps=233","","O2 Czech Republic a.s.","",""
"Engineer with LabVIEW - Participate in progress","https://www.jobs.cz/rpd/1616451327/?searchId=61766f08-8724-40fe-9ae5-b04d00491c69&rps=233","Možnost občasné práce z domova","VALEO PRAHA","",""
"Embedded Software Test Engineer (laser technologies)","https://www.jobs.cz/rpd/1619203194/?searchId=61766f08-8724-40fe-9ae5-b04d00491c69&rps=233","Možnost občasné práce z domova","BTL Medical","",""
"Inter Vehicle Network Engineer (f/m)","https://www.jobs.cz/rpd/1626239536/?searchId=61766f08-8724-40fe-9ae5-b04d00491c69&rps=233","Možnost občasné práce z domova","HCL TECHNOLOGIES CZECH REPUBLIC s.r.o.","","Odpovězte teď a budete mezi prvními"
"Diagnostic Engineer (f/m)","https://www.jobs.cz/rpd/1626236261/?searchId=61766f08-8724-40fe-9ae5-b04d00491c69&rps=233","Možnost občasné práce z domova","HCL TECHNOLOGIES CZECH REPUBLIC s.r.o.","",""
"Development Engineer in e-Drive – Test Automation (f/m/d)","https://www.jobs.cz/rpd/1568349749/?searchId=61766f08-8724-40fe-9ae5-b04d00491c69&rps=233","Možnost občasné práce z domova","Porsche Engineering Services, s.r.o.","",""
"Vývojář test automatizace","https://www.jobs.cz/rpd/1621779998/?searchId=61766f08-8724-40fe-9ae5-b04d00491c69&rps=233","Možnost občasné práce z domova","Digiteq Automotive s.r.o.","",""
"DATA ENGINEER/BI DEVELOPER","https://www.jobs.cz/rpd/1625791985/?searchId=61766f08-8724-40fe-9ae5-b04d00491c69&rps=233","","PHOENIX lékárenský velkoobchod, s.r.o.","",""
"DSL developer in Jetbrains MPS - Prague (f/m/d)","https://www.jobs.cz/rpd/1593879211/?searchId=61766f08-8724-40fe-9ae5-b04d00491c69&rps=233","Možnost občasné práce z domova","Porsche Engineering Services, s.r.o.","",""
"Software Developer and Data Analyst (f/m/d)","https://www.jobs.cz/rpd/1571839061/?searchId=e34e9b17-eda1-4abf-a552-c60a689963ee&rps=233","Možnost občasné práce z domova","Porsche Engineering Services, s.r.o.","",""
"HiL Developer for Active Chassis / Powertrain (f/m/d)","https://www.jobs.cz/rpd/1552112629/?searchId=e34e9b17-eda1-4abf-a552-c60a689963ee&rps=233","Možnost občasné práce z domova","Porsche Engineering Services, s.r.o.","",""
"DevOps Engineer - Prague  (f/m/d)","https://www.jobs.cz/rpd/1552998114/?searchId=e34e9b17-eda1-4abf-a552-c60a689963ee&rps=233","Možnost občasné práce z domova","Porsche Engineering Services, s.r.o.","",""
"Specialista pro sítě (m/ž)","https://www.jobs.cz/rpd/1625180018/?searchId=e34e9b17-eda1-4abf-a552-c60a689963ee&rps=233","","O2 Czech Republic a.s.","",""
"Control Engineer - Control and Optimisation Team (f/m/d)","https://www.jobs.cz/rpd/1610415093/?searchId=e34e9b17-eda1-4abf-a552-c60a689963ee&rps=233","Možnost občasné práce z domova","Porsche Engineering Services, s.r.o.","",""
"Optimisation Engineer -Control and Optimisation Team (f/m/d)","https://www.jobs.cz/rpd/1610416888/?searchId=e34e9b17-eda1-4abf-a552-c60a689963ee&rps=233","Možnost občasné práce z domova","Porsche Engineering Services, s.r.o.","",""
"Integration Engineer - Control and Optimisation Team (f/m/d)","https://www.jobs.cz/rpd/1610417315/?searchId=e34e9b17-eda1-4abf-a552-c60a689963ee&rps=233","Možnost občasné práce z domova","Porsche Engineering Services, s.r.o.","",""
"C# - Lead Software Engineer - visualization SW","https://www.jobs.cz/rpd/1611858200/?searchId=e34e9b17-eda1-4abf-a552-c60a689963ee&rps=233","","EATON","",""
"SW Developer PHP - možnost NÁSTUPNÍHO BONUSU 100.000,- Kč","https://www.jobs.cz/rpd/1626152398/?searchId=e34e9b17-eda1-4abf-a552-c60a689963ee&rps=233","","Bosch České Budějovice","",""
"FULL STACK (BACK END) VÝVOJÁŘ SENIOR (M/Ž)","https://www.jobs.cz/rpd/1626050570/?searchId=e34e9b17-eda1-4abf-a552-c60a689963ee&rps=233","Možnost občasné práce z domova","ČEZ, a. s.","",""
"Application & Calibration  – Development Engineer (f/m/d)","https://www.jobs.cz/rpd/1615994130/?searchId=e34e9b17-eda1-4abf-a552-c60a689963ee&rps=233","Možnost občasné práce z domova","Porsche Engineering Services, s.r.o.","",""
"Senior Data Analyst","https://www.jobs.cz/rpd/1626237552/?searchId=e34e9b17-eda1-4abf-a552-c60a689963ee&rps=233","Možnost občasné práce z domova","Škoda X s.r.o.","","Odpovězte teď a budete mezi prvními"
"Consultant - Finance & Treasury","https://www.jobs.cz/rpd/1606341552/?searchId=e34e9b17-eda1-4abf-a552-c60a689963ee&rps=233","","EY","50 000 ‍–‍ 80 000 Kč",""
"DevOps Tools Engineer (Cloud)","https://www.jobs.cz/rpd/1625158489/?searchId=e34e9b17-eda1-4abf-a552-c60a689963ee&rps=233","","Thales DIS Czech Republic s.r.o.","",""
"Contract Specialist with French (R00164740)","https://www.jobs.cz/rpd/1626735762/?searchId=e34e9b17-eda1-4abf-a552-c60a689963ee&rps=233","","Accenture","",""
"IT Business Analyst – Market Risk","https://www.jobs.cz/rpd/1594768567/?searchId=e34e9b17-eda1-4abf-a552-c60a689963ee&rps=233","Možnost občasné práce z domova","COMMERZBANK Aktiengesellschaft, pobočka Praha","",""
"Data Architect– Technology Consulting","https://www.jobs.cz/rpd/1611583309/?searchId=e34e9b17-eda1-4abf-a552-c60a689963ee&rps=233","Možnost občasné práce z domova","PricewaterhouseCoopers Česká republika, s.r.o.","",""
"Integration & Validation Engineer (m/f)","https://www.jobs.cz/rpd/1617493091/?searchId=e34e9b17-eda1-4abf-a552-c60a689963ee&rps=233","Možnost občasné práce z domova","T-Mobile Czech Republic a.s.","",""
"Systémový knihovník/ICT administrátor pro digitální knihovnu","https://www.jobs.cz/rpd/2000049232/?searchId=e34e9b17-eda1-4abf-a552-c60a689963ee&rps=233","Odpovězte teď a budete mezi prvními","Národní technická knihovna","27 250 ‍–‍ 40 120 Kč",""
"Senior BI/Data analyst – Technology Consulting","https://www.jobs.cz/rpd/1595676510/?searchId=e34e9b17-eda1-4abf-a552-c60a689963ee&rps=233","Možnost občasné práce z domova","PricewaterhouseCoopers Česká republika, s.r.o.","",""
"Databázový administrátor","https://www.jobs.cz/rpd/1625870800/?searchId=e34e9b17-eda1-4abf-a552-c60a689963ee&rps=233","","Experis","",""
"Java Vývojář | Spring, Hibernate, Linux | 50-90.000 Kč","https://www.jobs.cz/rpd/1608438439/?searchId=e34e9b17-eda1-4abf-a552-c60a689963ee&rps=233","Práce převážně z domova","Jobs Contact Personal, s.r.o.","50 000 ‍–‍ 90 000 Kč",""
"DevOps Engineer","https://www.jobs.cz/rpd/1609596662/?searchId=e34e9b17-eda1-4abf-a552-c60a689963ee&rps=233","Práce převážně z domova","Komerční banka, a.s.","",""
"DWH DEVELOPER / Náplň práce na míru Tvým zkušenostem","https://www.jobs.cz/rpd/1622717122/?searchId=e34e9b17-eda1-4abf-a552-c60a689963ee&rps=233","","mBlue Czech, s.r.o.","",""
"Software Engineer","https://www.jobs.cz/rpd/1626396076/?searchId=e34e9b17-eda1-4abf-a552-c60a689963ee&rps=233","Možnost občasné práce z domova","Alpiq Services CZ s.r.o.","",""
"Senior účetní -klientské účetnictví s AJ (A364)","https://www.jobs.cz/rpd/1626437282/?searchId=e34e9b17-eda1-4abf-a552-c60a689963ee&rps=233","Možnost občasné práce z domova","Mazars s.r.o.","","Odpovězte teď a budete mezi prvními"
"Senior Tester / Test Lead","https://www.jobs.cz/rpd/1625957028/?searchId=e34e9b17-eda1-4abf-a552-c60a689963ee&rps=233","Možnost občasné práce z domova","PricewaterhouseCoopers Česká republika, s.r.o.","","Odpovězte teď a budete mezi prvními"
"Cloud Data Engineer (Reference Data as a Service) (f/m/d)","https://www.jobs.cz/rpd/2000051013/?searchId=e34e9b17-eda1-4abf-a552-c60a689963ee&rps=233","Práce převážně z domova","Deutsche Börse Group","","Odpovězte teď a budete mezi prvními"
"CYBER SECURITY SW ENGINEER (C/C++) | Automotive","https://www.jobs.cz/rpd/1624180911/?searchId=e34e9b17-eda1-4abf-a552-c60a689963ee&rps=233","Možnost občasné práce z domova","CertiCon a.s.","",""
"Senior Embedded software engineer","https://www.jobs.cz/rpd/1603569962/?searchId=e34e9b17-eda1-4abf-a552-c60a689963ee&rps=233","","Rockwell Automation s.r.o.","",""
"Data Scientist (A2006)","https://www.jobs.cz/rpd/1623731307/?searchId=e34e9b17-eda1-4abf-a552-c60a689963ee&rps=233","","Future Recruitment s.r.o.","",""
"Dátový inžinier(ka)","https://www.jobs.cz/rpd/1623054583/?searchId=e34e9b17-eda1-4abf-a552-c60a689963ee&rps=233","Práce převážně z domova","GymBeam s.r.o.","1 800 ‍–‍ 3 100 EUR",""
"Embedded software engineer","https://www.jobs.cz/rpd/1603320076/?searchId=e34e9b17-eda1-4abf-a552-c60a689963ee&rps=233","","Rockwell Automation s.r.o.","",""
"Specialista aplikačního monitoringu","https://www.jobs.cz/rpd/1626221891/?searchId=e34e9b17-eda1-4abf-a552-c60a689963ee&rps=233","Možnost občasné práce z domova","TIPSPORT a.s.","",""
"Manažer/ka týmu analytiků","https://www.jobs.cz/rpd/1623342098/?searchId=e34e9b17-eda1-4abf-a552-c60a689963ee&rps=233","Práce převážně z domova","Seznam.cz, a.s.","",""
"Data Scientist in Automotive (f/m/d)","https://www.jobs.cz/rpd/1623690240/?searchId=e34e9b17-eda1-4abf-a552-c60a689963ee&rps=233","Možnost občasné práce z domova","Porsche Engineering Services, s.r.o.","",""
"Cloud infrastructure engineer with Azure/Google Brno/Praha","https://www.jobs.cz/rpd/1625553300/?searchId=e34e9b17-eda1-4abf-a552-c60a689963ee&rps=233","","Experis","",""
"BI, Datová analytika, Automatizace – Associate Consultant","https://www.jobs.cz/rpd/1581343314/?searchId=e1a843ad-0c64-4734-9cfc-c5d645f784ae&rps=233","Možnost občasné práce z domova","KPMG Česká republika, s.r.o.","",""
"Data analytik/čka se znalostmi NLP","https://www.jobs.cz/rpd/1617524317/?searchId=e1a843ad-0c64-4734-9cfc-c5d645f784ae&rps=233","","Česká spořitelna, a.s.","",""
"Data engineer (svět BI)","https://www.jobs.cz/rpd/1620658381/?searchId=e1a843ad-0c64-4734-9cfc-c5d645f784ae&rps=233","Možnost občasné práce z domova","SAZKA a.s.","",""
"Software Team Leader for Laser Sensor Development","https://www.jobs.cz/rpd/1621698993/?searchId=e1a843ad-0c64-4734-9cfc-c5d645f784ae&rps=233","Možnost občasné práce z domova","VALEO PRAHA","",""
"MEDIOR SOFTWARE DEVELOPMENT ENGINEER/HADOOP SQL","https://www.jobs.cz/rpd/1607245741/?searchId=e1a843ad-0c64-4734-9cfc-c5d645f784ae&rps=233","Možnost občasné práce z domova","Tesco Stores ČR a.s. - Centrála","",""
"Social Media Performance Specialist -  agentura Effectix","https://www.jobs.cz/rpd/2000050919/?searchId=e1a843ad-0c64-4734-9cfc-c5d645f784ae&rps=233","Možnost občasné práce z domova","Effectix.com, s.r.o.","30 000 ‍–‍ 50 000 Kč","Odpovězte teď a budete mezi prvními"
"Specialista vymáhání pohledávek","https://www.jobs.cz/rpd/1623102358/?searchId=e1a843ad-0c64-4734-9cfc-c5d645f784ae&rps=233","Možnost občasné práce z domova","LeaderFin s.r.o.","33 000 ‍–‍ 40 000 Kč",""
"Senior Salesforce Developer / Salesforce Team Lead","https://www.jobs.cz/rpd/1572060693/?searchId=e1a843ad-0c64-4734-9cfc-c5d645f784ae&rps=233","Odpovězte teď a budete mezi prvními","PricewaterhouseCoopers Česká republika, s.r.o.","",""
"Network Security Engineer (remote possible)","https://www.jobs.cz/rpd/1625272980/?searchId=e1a843ad-0c64-4734-9cfc-c5d645f784ae&rps=233","","DHL Information Services (Europe) s.r.o.","",""
"SAP CONTROLS Senior Consultant","https://www.jobs.cz/rpd/1610884961/?searchId=e1a843ad-0c64-4734-9cfc-c5d645f784ae&rps=233","Práce převážně z domova","PricewaterhouseCoopers Česká republika, s.r.o.","",""
"LIDAR Algorithms Technical Project Manager","https://www.jobs.cz/rpd/1620854138/?searchId=e1a843ad-0c64-4734-9cfc-c5d645f784ae&rps=233","Možnost občasné práce z domova","VALEO PRAHA","",""
"Test engineer - PLC programming","https://www.jobs.cz/rpd/1626278532/?searchId=e1a843ad-0c64-4734-9cfc-c5d645f784ae&rps=233","","EATON","",""
"Three.js Developer | SPA | 3D modelování (Praha/Brno)","https://www.jobs.cz/rpd/1625451751/?searchId=e1a843ad-0c64-4734-9cfc-c5d645f784ae&rps=233","Možnost občasné práce z domova","Dlubal Software s.r.o.","",""
"SENIOR SOFTWARE DEVELOPMENT ENGINEER/HADOOP PYSPARK","https://www.jobs.cz/rpd/1593626696/?searchId=e1a843ad-0c64-4734-9cfc-c5d645f784ae&rps=233","Možnost občasné práce z domova","Tesco Stores ČR a.s. - Centrála","",""
"AUTOMATION DEVOPS SYSTEM ENGINEER","https://www.jobs.cz/rpd/1583539063/?searchId=e1a843ad-0c64-4734-9cfc-c5d645f784ae&rps=233","Možnost občasné práce z domova","Tesco Stores ČR a.s. - Centrála","",""
"Test Manager (f/m/d)","https://www.jobs.cz/rpd/2000051002/?searchId=e1a843ad-0c64-4734-9cfc-c5d645f784ae&rps=233","Práce převážně z domova","Deutsche Börse Group","","Odpovězte teď a budete mezi prvními"
"Network Security Engineer (f/m/d)","https://www.jobs.cz/rpd/2000050323/?searchId=e1a843ad-0c64-4734-9cfc-c5d645f784ae&rps=233","Práce převážně z domova","Deutsche Börse Group","","Odpovězte teď a budete mezi prvními"
"E-commerce IT Specialist","https://www.jobs.cz/rpd/1626701743/?searchId=e1a843ad-0c64-4734-9cfc-c5d645f784ae&rps=233","Možnost občasné práce z domova","SPORTISIMO s.r.o.","",""
"Senior IT Infrastrukturní konzultant L2, L3","https://www.jobs.cz/rpd/1622463361/?searchId=e1a843ad-0c64-4734-9cfc-c5d645f784ae&rps=233","Možnost občasné práce z domova","Servodata a.s.","120 000 Kč",""
"Functional Analyst in ESG team","https://www.jobs.cz/rpd/1624384220/?searchId=e1a843ad-0c64-4734-9cfc-c5d645f784ae&rps=233","","KBC Global Services NV","",""
"Valuation Analyst","https://www.jobs.cz/rpd/1612366664/?searchId=e1a843ad-0c64-4734-9cfc-c5d645f784ae&rps=233","Možnost občasné práce z domova","APS Investments s.r.o.","",""
"Data engineer - Technology consulting","https://www.jobs.cz/rpd/1625131902/?searchId=e1a843ad-0c64-4734-9cfc-c5d645f784ae&rps=233","Práce převážně z domova","PricewaterhouseCoopers Česká republika, s.r.o.","","Odpovězte teď a budete mezi prvními"
"SW Test Engineer","https://www.jobs.cz/rpd/1615331100/?searchId=e1a843ad-0c64-4734-9cfc-c5d645f784ae&rps=233","Práce převážně z domova","in-tech Engineering s.r.o.","",""
"Proxmox administrátor","https://www.jobs.cz/rpd/1621899562/?searchId=e1a843ad-0c64-4734-9cfc-c5d645f784ae&rps=233","Možnost občasné práce z domova","Daktela s.r.o.","",""
"Local Operations Risk Manager","https://www.jobs.cz/rpd/1617259236/?searchId=e1a843ad-0c64-4734-9cfc-c5d645f784ae&rps=233","Práce převážně z domova","KBC Global Services NV","",""
"Functional analyst in International Banking Project","https://www.jobs.cz/rpd/1621228226/?searchId=e1a843ad-0c64-4734-9cfc-c5d645f784ae&rps=233","Práce převážně z domova","KBC Global Services NV","",""
"IT System Specialist (ALM&Treasury)","https://www.jobs.cz/rpd/1623963530/?searchId=e1a843ad-0c64-4734-9cfc-c5d645f784ae&rps=233","Práce převážně z domova","KBC Global Services NV","",""
"Customer onboarding specialist","https://www.jobs.cz/rpd/1626118858/?searchId=e1a843ad-0c64-4734-9cfc-c5d645f784ae&rps=233","","Thales DIS Czech Republic s.r.o.","",""
"Senior Infrastructure Engineer - VMware","https://www.jobs.cz/rpd/1626626715/?searchId=e1a843ad-0c64-4734-9cfc-c5d645f784ae&rps=233","","DHL Information Services (Europe) s.r.o.","",""
"Softwarový Designer pro Termovizní Systémy","https://www.jobs.cz/rpd/1619542673/?searchId=e1a843ad-0c64-4734-9cfc-c5d645f784ae&rps=233","Možnost občasné práce z domova","Workswell s.r.o.","75 000 ‍–‍ 100 000 Kč",""
"IT konzultant pro správu elektronických dokumentů v ERP SAP","https://www.jobs.cz/rpd/1621133710/?searchId=e1a843ad-0c64-4734-9cfc-c5d645f784ae&rps=233","","IXTENT s.r.o.","40 000 ‍–‍ 80 000 Kč",""
"Tribe Lead","https://www.jobs.cz/rpd/1626130989/?searchId=e1a843ad-0c64-4734-9cfc-c5d645f784ae&rps=233","Možnost občasné práce z domova","Konplan s.r.o.","",""
"Network Security Engineer","https://www.jobs.cz/rpd/1626530221/?searchId=e1a843ad-0c64-4734-9cfc-c5d645f784ae&rps=233","Možnost občasné práce z domova","Alpiq Services CZ s.r.o.","",""
"Infrastructure Security Engineer","https://www.jobs.cz/rpd/1626530227/?searchId=e1a843ad-0c64-4734-9cfc-c5d645f784ae&rps=233","Možnost občasné práce z domova","Alpiq Services CZ s.r.o.","",""
"Senior Cloud Infrastructure Engineer","https://www.jobs.cz/rpd/1625262149/?searchId=e1a843ad-0c64-4734-9cfc-c5d645f784ae&rps=233","Možnost občasné práce z domova","Alpiq Services CZ s.r.o.","",""
"DevOps Engineer","https://www.jobs.cz/rpd/1619813118/?searchId=e1a843ad-0c64-4734-9cfc-c5d645f784ae&rps=233","Možnost občasné práce z domova","MallGroup","",""
"Infrastructure Automation Engineer/Developer (CICD)","https://www.jobs.cz/rpd/1610156284/?searchId=e1a843ad-0c64-4734-9cfc-c5d645f784ae&rps=233","Možnost občasné práce z domova","COMMERZBANK Aktiengesellschaft, pobočka Praha","",""
"DevOps Engineer, IČO, Bankovní sektor","https://www.jobs.cz/rpd/1626506651/?searchId=b0fea1ef-5114-4fe5-a11f-d639458b50a3&rps=233","Práce převážně z domova","teamIT s.r.o.","120 000 ‍–‍ 160 000 Kč","Odpovězte teď a budete mezi prvními"
"DevOps Engineer - possibility of sign on bonus","https://www.jobs.cz/rpd/1601692403/?searchId=b0fea1ef-5114-4fe5-a11f-d639458b50a3&rps=233","Práce převážně z domova","Vodafone Czech Republic a.s.","",""
"Lead Data Analyst –  prodejní síť (JPO24277)","https://www.jobs.cz/rpd/1626477389/?searchId=b0fea1ef-5114-4fe5-a11f-d639458b50a3&rps=233","Možnost občasné práce z domova","Alza.cz a.s.","","Odpovězte teď a budete mezi prvními"
"MANUÁLNÍ TESTER/KA | Automotive","https://www.jobs.cz/rpd/1621676567/?searchId=b0fea1ef-5114-4fe5-a11f-d639458b50a3&rps=233","Možnost občasné práce z domova","CertiCon a.s.","",""
".NET DEVELOPER | Zdravotnictví","https://www.jobs.cz/rpd/1626460637/?searchId=b0fea1ef-5114-4fe5-a11f-d639458b50a3&rps=233","Možnost občasné práce z domova","CertiCon a.s.","","Odpovězte teď a budete mezi prvními"
"LiDAR System Engineer","https://www.jobs.cz/rpd/1624123602/?searchId=b0fea1ef-5114-4fe5-a11f-d639458b50a3&rps=233","","VALEO PRAHA","",""
"LiDAR System Inženýr","https://www.jobs.cz/rpd/1624128950/?searchId=b0fea1ef-5114-4fe5-a11f-d639458b50a3&rps=233","","VALEO PRAHA","",""
"Datový/á analytik/čka","https://www.jobs.cz/rpd/1594508730/?searchId=b0fea1ef-5114-4fe5-a11f-d639458b50a3&rps=233","Možnost občasné práce z domova","Processand s.r.o.","48 000 ‍–‍ 62 000 Kč",""
"Analytik kybernetické bezpečnosti senior (M/Ž)","https://www.jobs.cz/rpd/1625945130/?searchId=b0fea1ef-5114-4fe5-a11f-d639458b50a3&rps=233","Možnost občasné práce z domova","Státní pokladna Centrum sdílených služeb, s. p.","","Odpovězte teď a budete mezi prvními"
"SYSTÉMOVÝ/TECHNICKÝ KONZULTANT - pro ABSOLVENTY v oboru IT","https://www.jobs.cz/rpd/1580106541/?searchId=b0fea1ef-5114-4fe5-a11f-d639458b50a3&rps=233","Možnost občasné práce z domova","Seyfor, a. s.","",""
"SYSTÉMOVÝ/TECHNICKÝ KONZULTANT pro HRIS VEMA – medior/senior","https://www.jobs.cz/rpd/1624379051/?searchId=b0fea1ef-5114-4fe5-a11f-d639458b50a3&rps=233","Odpovězte teď a budete mezi prvními","Seyfor, a. s.","",""
"DevOps Engineer - můžeš si vybrat! (90 000 - 130 000 Kč)","https://www.jobs.cz/rpd/1612748137/?searchId=b0fea1ef-5114-4fe5-a11f-d639458b50a3&rps=233","Práce převážně z domova","Jobs Contact Personal, s.r.o.","90 000 ‍–‍ 140 000 Kč",""
"Vývojář webových a databázových aplikací (i pro absolventy)","https://www.jobs.cz/rpd/2000043811/?searchId=b0fea1ef-5114-4fe5-a11f-d639458b50a3&rps=233","Možnost občasné práce z domova","24U s.r.o.","",""
"Software engineer C++","https://www.jobs.cz/rpd/1603319101/?searchId=b0fea1ef-5114-4fe5-a11f-d639458b50a3&rps=233","","Rockwell Automation s.r.o.","",""
"Expert/ka na prediktivní modely","https://www.jobs.cz/rpd/1610669842/?searchId=b0fea1ef-5114-4fe5-a11f-d639458b50a3&rps=233","","Česká spořitelna, a.s.","",""
"C++ Developer","https://www.jobs.cz/rpd/1625830009/?searchId=b0fea1ef-5114-4fe5-a11f-d639458b50a3&rps=233","Možnost občasné práce z domova","Chaos Czech a.s.","90 000 ‍–‍ 112 000 Kč",""
"DevOps Engineer","https://www.jobs.cz/rpd/1625007806/?searchId=b0fea1ef-5114-4fe5-a11f-d639458b50a3&rps=233","Práce převážně z domova","SII s.r.o.","","Odpovězte teď a budete mezi prvními"
"Network Engineer (f/m/d)","https://www.jobs.cz/rpd/2000046656/?searchId=b0fea1ef-5114-4fe5-a11f-d639458b50a3&rps=233","Práce převážně z domova","Deutsche Börse Group","",""
"Sr. Cloud & Automation Administrator","https://www.jobs.cz/rpd/1617519481/?searchId=b0fea1ef-5114-4fe5-a11f-d639458b50a3&rps=233","Práce převážně z domova","Vodafone Czech Republic a.s.","",""
"Specialista predikcí","https://www.jobs.cz/rpd/1622185642/?searchId=b0fea1ef-5114-4fe5-a11f-d639458b50a3&rps=233","Možnost občasné práce z domova","ČEZ, a. s.","",""
"Aplikační podpora - staň se IT specialistou/kou!","https://www.jobs.cz/rpd/1624099946/?searchId=b0fea1ef-5114-4fe5-a11f-d639458b50a3&rps=233","Možnost občasné práce z domova","Česká spořitelna, a.s.","",""
"System Validation Manager","https://www.jobs.cz/rpd/1626124809/?searchId=b0fea1ef-5114-4fe5-a11f-d639458b50a3&rps=233","","Akkodis CZ s.r.o.","",""
"DevOps Engineer (Big Data platform)","https://www.jobs.cz/rpd/1617183525/?searchId=b0fea1ef-5114-4fe5-a11f-d639458b50a3&rps=233","","embedIT","",""
"EMBEDDED DEVELOPER (40-70.000 Kč)","https://www.jobs.cz/rpd/1625900642/?searchId=b0fea1ef-5114-4fe5-a11f-d639458b50a3&rps=233","","Advantage Consulting, s.r.o.","40 000 ‍–‍ 70 000 Kč",""
"Group DevOps Engineer","https://www.jobs.cz/rpd/1623800314/?searchId=b0fea1ef-5114-4fe5-a11f-d639458b50a3&rps=233","Práce převážně z domova","FORTUNA GAME a.s.","",""
"Specialista L2 podpory datových center (M/Ž)","https://www.jobs.cz/rpd/1626056753/?searchId=b0fea1ef-5114-4fe5-a11f-d639458b50a3&rps=233","Možnost občasné práce z domova","ČEZ, a. s.","",""
"IT/IS Big Data Infrastructure Architect","https://www.jobs.cz/rpd/1623113931/?searchId=b0fea1ef-5114-4fe5-a11f-d639458b50a3&rps=233","Možnost občasné práce z domova","VALEO PRAHA","",""
"RedHat OpenShift - Kubernetes Administrator","https://www.jobs.cz/rpd/1619003048/?searchId=b0fea1ef-5114-4fe5-a11f-d639458b50a3&rps=233","Práce převážně z domova","Komerční banka, a.s.","",""
"R&D IS Operation Leader","https://www.jobs.cz/rpd/1622091601/?searchId=b0fea1ef-5114-4fe5-a11f-d639458b50a3&rps=233","Možnost občasné práce z domova","VALEO PRAHA","",""
"remote QA Team Lead – San Francisco based tech startup","https://www.jobs.cz/rpd/1624349600/?searchId=b0fea1ef-5114-4fe5-a11f-d639458b50a3&rps=233","","Experis","",""
"RHEL Build Engineer (Senior)","https://www.jobs.cz/rpd/1571053257/?searchId=b0fea1ef-5114-4fe5-a11f-d639458b50a3&rps=233","Odpověď do 2 týdnů","COMMERZBANK Aktiengesellschaft, pobočka Praha","","Možnost občasné práce z domova"
"Software Developer C/C++ na Linuxu - Praha (50 - 85.000)","https://www.jobs.cz/rpd/1623238622/?searchId=b0fea1ef-5114-4fe5-a11f-d639458b50a3&rps=233","","Jobs Contact Personal, s.r.o.","50 000 ‍–‍ 85 000 Kč",""
"Data analytik v oblasti marketingu","https://www.jobs.cz/rpd/1625823742/?searchId=b0fea1ef-5114-4fe5-a11f-d639458b50a3&rps=233","Odpověď do 2 týdnů","mBank","","Práce převážně z domova"
"Risk Data Engineer (EU)","https://www.jobs.cz/rpd/1624308328/?searchId=b0fea1ef-5114-4fe5-a11f-d639458b50a3&rps=233","Možnost občasné práce z domova","Albert Česká republika, s.r.o.","",""
"Data Analyst","https://www.jobs.cz/rpd/1612731431/?searchId=b0fea1ef-5114-4fe5-a11f-d639458b50a3&rps=233","Práce převážně z domova","W.A.G. payment solutions, a.s.","",""
"Budujte bezpečnou budoucnost v IT security! (70-140 000 Kč)","https://www.jobs.cz/rpd/1625764800/?searchId=b0fea1ef-5114-4fe5-a11f-d639458b50a3&rps=233","Možnost občasné práce z domova","Jobs Contact Personal, s.r.o.","70 000 ‍–‍ 140 000 Kč",""
"DWH developer","https://www.jobs.cz/rpd/1625758767/?searchId=b0fea1ef-5114-4fe5-a11f-d639458b50a3&rps=233","Odpověď do 2 týdnů","SAZKA a.s.","","Možnost občasné práce z domova"
"Engineer for PKI and Cryptographic Services Team","https://www.jobs.cz/rpd/1623678893/?searchId=a769682b-fc67-417e-ac5e-aecd7f76367f&rps=233","Možnost občasné práce z domova","DHL Information Services (Europe) s.r.o.","",""
"Data Processing and Automation-Development Engineer (f/m/d)","https://www.jobs.cz/rpd/1586619528/?searchId=a769682b-fc67-417e-ac5e-aecd7f76367f&rps=233","Možnost občasné práce z domova","Porsche Engineering Services, s.r.o.","",""
"System Engineer pro Funkční tým","https://www.jobs.cz/rpd/1609594644/?searchId=a769682b-fc67-417e-ac5e-aecd7f76367f&rps=233","Práce převážně z domova","Komerční banka, a.s.","",""
"Java Developer for DSL (f/m/d)","https://www.jobs.cz/rpd/1594719682/?searchId=a769682b-fc67-417e-ac5e-aecd7f76367f&rps=233","Možnost občasné práce z domova","Porsche Engineering Services, s.r.o.","",""
"SW Engineer for AI Centre (m/f)","https://www.jobs.cz/rpd/1608564785/?searchId=a769682b-fc67-417e-ac5e-aecd7f76367f&rps=233","","O2 Czech Republic a.s.","",""
"Software Developer for BMS (f/m/d)","https://www.jobs.cz/rpd/1573745213/?searchId=a769682b-fc67-417e-ac5e-aecd7f76367f&rps=233","Možnost občasné práce z domova","Porsche Engineering Services, s.r.o.","",""
"Test Engineer for ADAS (f/m/d)","https://www.jobs.cz/rpd/1615355698/?searchId=a769682b-fc67-417e-ac5e-aecd7f76367f&rps=233","Možnost občasné práce z domova","Porsche Engineering Services, s.r.o.","",""
"Simulation engineer ADAS and highly autom. driving (f/m/d)","https://www.jobs.cz/rpd/1615995764/?searchId=a769682b-fc67-417e-ac5e-aecd7f76367f&rps=233","Možnost občasné práce z domova","Porsche Engineering Services, s.r.o.","",""
"Vývojář/ka uživatelského rozhraní systémových simulací (WPF)","https://www.jobs.cz/rpd/1623728633/?searchId=a769682b-fc67-417e-ac5e-aecd7f76367f&rps=233","Možnost občasné práce z domova","Siemens Mobility, s.r.o.","",""
"Datový analytik pro Letiště Václava Havla","https://www.jobs.cz/rpd/1623936314/?searchId=a769682b-fc67-417e-ac5e-aecd7f76367f&rps=233","","Letiště Praha, a. s.","",""
"Pracujte s daty v Komerční bance!","https://www.jobs.cz/rpd/1608416278/?searchId=a769682b-fc67-417e-ac5e-aecd7f76367f&rps=233","","Komerční banka, a.s.","",""
"Algorithmic Trader (M/F)","https://www.jobs.cz/rpd/1623480111/?searchId=a769682b-fc67-417e-ac5e-aecd7f76367f&rps=233","","ČEZ, a. s.","",""
"Unix-Linux Operation Specialist in Prague","https://www.jobs.cz/rpd/1625652943/?searchId=a769682b-fc67-417e-ac5e-aecd7f76367f&rps=233","Práce převážně z domova","Aeven Czech Republic, s.r.o.","",""
"Cloud infrastructure /automation /engineer with Google/Azure","https://www.jobs.cz/rpd/1623760712/?searchId=a769682b-fc67-417e-ac5e-aecd7f76367f&rps=233","Možnost občasné práce z domova","COMMERZBANK Aktiengesellschaft, pobočka Praha","",""
"Cloud infrastructure engineer Crypto Services","https://www.jobs.cz/rpd/1623766309/?searchId=a769682b-fc67-417e-ac5e-aecd7f76367f&rps=233","Možnost občasné práce z domova","COMMERZBANK Aktiengesellschaft, pobočka Praha","",""
"Middle/Senior C++ Developer","https://www.jobs.cz/rpd/1625611719/?searchId=a769682b-fc67-417e-ac5e-aecd7f76367f&rps=233","","Veeam Software (Czech Republic) s.r.o.","",""
"TESCO LABS - SOFTWARE DEVELOPMENT ENGINEER","https://www.jobs.cz/rpd/1625568437/?searchId=a769682b-fc67-417e-ac5e-aecd7f76367f&rps=233","Možnost občasné práce z domova","Tesco Stores ČR a.s. - Centrála","",""
"Network Security Engineer","https://www.jobs.cz/rpd/1618355556/?searchId=a769682b-fc67-417e-ac5e-aecd7f76367f&rps=233","Práce převážně z domova","Siemens s.r.o.","",""
"Konzultant/vývojář modelů – tým Řízení kreditního rizika","https://www.jobs.cz/rpd/1558445017/?searchId=a769682b-fc67-417e-ac5e-aecd7f76367f&rps=233","","EY","",""
"Informatik - DevOps/programátor","https://www.jobs.cz/rpd/1615686477/?searchId=a769682b-fc67-417e-ac5e-aecd7f76367f&rps=233","Možnost občasné práce z domova","Pražská energetika, a.s.","",""
"Data Scientist","https://www.jobs.cz/rpd/1622532344/?searchId=a769682b-fc67-417e-ac5e-aecd7f76367f&rps=233","","Česká spořitelna, a.s.","",""
"IT analytik/architekt","https://www.jobs.cz/rpd/1623256782/?searchId=a769682b-fc67-417e-ac5e-aecd7f76367f&rps=233","Odpovězte teď a budete mezi prvními","OKsystem a.s.","",""
"Principal Infrastructure Security Engineer","https://www.jobs.cz/rpd/1623324198/?searchId=a769682b-fc67-417e-ac5e-aecd7f76367f&rps=233","Možnost občasné práce z domova","DHL Information Services (Europe) s.r.o.","",""
"Robotizace a automatizace  –⁠ Associate Consultant","https://www.jobs.cz/rpd/1623629524/?searchId=a769682b-fc67-417e-ac5e-aecd7f76367f&rps=233","Možnost občasné práce z domova","KPMG Česká republika, s.r.o.","",""
"IT Administrátor/specialista pro provoz aplikací","https://www.jobs.cz/rpd/1625461825/?searchId=a769682b-fc67-417e-ac5e-aecd7f76367f&rps=233","Práce převážně z domova","Generali Česká pojišťovna","",""
"R&D Test Automation Engineer (Vision Systems)","https://www.jobs.cz/rpd/1625428320/?searchId=a769682b-fc67-417e-ac5e-aecd7f76367f&rps=233","Možnost občasné práce z domova","VALEO PRAHA","",""
"Analytik transformace trhů s energiemi","https://www.jobs.cz/rpd/1611992944/?searchId=a769682b-fc67-417e-ac5e-aecd7f76367f&rps=233","","ČEPS, a.s.","",""
"Banking – Konzultant/ka","https://www.jobs.cz/rpd/1594034739/?searchId=a769682b-fc67-417e-ac5e-aecd7f76367f&rps=233","Možnost občasné práce z domova","KPMG Česká republika, s.r.o.","",""
"Penetrační Tester/ka","https://www.jobs.cz/rpd/1625322742/?searchId=a769682b-fc67-417e-ac5e-aecd7f76367f&rps=233","Práce převážně z domova","Generali Česká pojišťovna","",""
"SENIOR IT SECURITY SPECIALIST (nová banka)","https://www.jobs.cz/rpd/1625274965/?searchId=a769682b-fc67-417e-ac5e-aecd7f76367f&rps=233","Možnost občasné práce z domova","LD Human Resources s.r.o.","125 000 ‍–‍ 250 000 Kč",""
"BUSINESS DATA ANALYST","https://www.jobs.cz/rpd/1625256338/?searchId=a769682b-fc67-417e-ac5e-aecd7f76367f&rps=233","","BENU Česká republika s.r.o.","",""
"AI Engineer for AI Centre (m/f)","https://www.jobs.cz/rpd/1577544736/?searchId=a769682b-fc67-417e-ac5e-aecd7f76367f&rps=233","","O2 Czech Republic a.s.","",""
"DATOVÝ ANALYTIK - Virtuální asistentka Kate","https://www.jobs.cz/rpd/1623347405/?searchId=a769682b-fc67-417e-ac5e-aecd7f76367f&rps=233","Možnost občasné práce z domova","ČSOB Pojišťovna, a. s., člen holdingu ČSOB","",""
"Data Analyst (Agile Analytics tým) (JPO24507)","https://www.jobs.cz/rpd/1625139999/?searchId=a769682b-fc67-417e-ac5e-aecd7f76367f&rps=233","Možnost občasné práce z domova","Alza.cz a.s.","",""
"Analytik strategie - senior","https://www.jobs.cz/rpd/1624999746/?searchId=a769682b-fc67-417e-ac5e-aecd7f76367f&rps=233","","ČEPS, a.s.","",""
"Software Engineer for Databases in Counterparty Risk","https://www.jobs.cz/rpd/1558611062/?searchId=a769682b-fc67-417e-ac5e-aecd7f76367f&rps=233","Možnost občasné práce z domova","COMMERZBANK Aktiengesellschaft, pobočka Praha","",""
"Java Developer – Counterparty Risk Management","https://www.jobs.cz/rpd/1558849386/?searchId=a769682b-fc67-417e-ac5e-aecd7f76367f&rps=233","Možnost občasné práce z domova","COMMERZBANK Aktiengesellschaft, pobočka Praha","",""
"Application Support Analyst","https://www.jobs.cz/rpd/1610364902/?searchId=03c7ed1d-d232-437d-95fb-14a012a8e10a&rps=233","Možnost občasné práce z domova","BNP Paribas Cardif","60 000 ‍–‍ 80 000 Kč",""
"DevOps Architect / Školitel(ka)","https://www.jobs.cz/rpd/1620192498/?searchId=03c7ed1d-d232-437d-95fb-14a012a8e10a&rps=233","Práce převážně z domova","Komerční banka, a.s.","",""
"Senior Software Engineer - C++ development","https://www.jobs.cz/rpd/1600813966/?searchId=03c7ed1d-d232-437d-95fb-14a012a8e10a&rps=233","Možnost občasné práce z domova","GIT Consult Czech s.r.o.","",""
"Insurance Advisory Manager","https://www.jobs.cz/rpd/1620635358/?searchId=03c7ed1d-d232-437d-95fb-14a012a8e10a&rps=233","Možnost občasné práce z domova","PricewaterhouseCoopers Česká republika, s.r.o.","","Odpovězte teď a budete mezi prvními"
"Trainee - Datový specialista/ka pro klíčové projekty v bance","https://www.jobs.cz/rpd/1620136711/?searchId=03c7ed1d-d232-437d-95fb-14a012a8e10a&rps=233","Možnost občasné práce z domova","Česká spořitelna, a.s.","",""
"Nemáš zkušenosti, ale máš ambice? Přidej se k nám!","https://www.jobs.cz/rpd/1626736814/?searchId=03c7ed1d-d232-437d-95fb-14a012a8e10a&rps=233","Odpovězte teď a budete mezi prvními","Ušetřeno.cz s.r.o.","40 000 ‍–‍ 80 000 Kč",""
"Operations & ISMS manager / manažer kybernetické bezpečnosti","https://www.jobs.cz/rpd/1626276350/?searchId=03c7ed1d-d232-437d-95fb-14a012a8e10a&rps=233","Možnost občasné práce z domova","Cybrela s.r.o.","",""
"Senior Consultant - Capital Projects & Infrastructure","https://www.jobs.cz/rpd/1624692774/?searchId=03c7ed1d-d232-437d-95fb-14a012a8e10a&rps=233","Odpovězte teď a budete mezi prvními","PricewaterhouseCoopers Česká republika, s.r.o.","",""
"Account Manager","https://www.jobs.cz/rpd/1625454399/?searchId=03c7ed1d-d232-437d-95fb-14a012a8e10a&rps=233","Možnost občasné práce z domova","Publicis Groupe","",""
"Přípravář pozemních staveb","https://www.jobs.cz/rpd/1626720620/?searchId=03c7ed1d-d232-437d-95fb-14a012a8e10a&rps=233","Možnost občasné práce z domova","PRÁCE plus, s.r.o.","45 000 ‍–‍ 60 000 Kč","Odpovězte teď a budete mezi prvními"
"STAVBYVEDOUCÍ","https://www.jobs.cz/rpd/1610789262/?searchId=03c7ed1d-d232-437d-95fb-14a012a8e10a&rps=233","","SYNER, s.r.o.","",""
"Asistent daňového týmu – student VŠ","https://www.jobs.cz/rpd/1625765178/?searchId=03c7ed1d-d232-437d-95fb-14a012a8e10a&rps=233","Možnost občasné práce z domova","TPA","",""
"Asistent daňového poradce - šance pro absolventy VŠ!","https://www.jobs.cz/rpd/1486389593/?searchId=03c7ed1d-d232-437d-95fb-14a012a8e10a&rps=233","","TPA","",""
"Account Manager in an international marketing agency","https://www.jobs.cz/rpd/1626704234/?searchId=03c7ed1d-d232-437d-95fb-14a012a8e10a&rps=233","Možnost občasné práce z domova","VMLY&R s.r.o.","",""
"Účetní-zpracování karetních transakcí/Settlement Accountant","https://www.jobs.cz/rpd/1626702540/?searchId=03c7ed1d-d232-437d-95fb-14a012a8e10a&rps=233","Možnost občasné práce z domova","Global Payments Europe, s.r.o.","",""
"Síťový specialista","https://www.jobs.cz/rpd/1622460187/?searchId=03c7ed1d-d232-437d-95fb-14a012a8e10a&rps=233","Možnost občasné práce z domova","PŘEDVÝBĚR.CZ s.r.o.","","Odpovězte teď a budete mezi prvními"
"Teamleader Praha","https://www.jobs.cz/rpd/1625749974/?searchId=03c7ed1d-d232-437d-95fb-14a012a8e10a&rps=233","Odpovězte teď a budete mezi prvními","FX Central Europe Investments s.r.o.","43 000 ‍–‍ 80 000 Kč",""
"Projektový manažer","https://www.jobs.cz/rpd/1504052986/?searchId=03c7ed1d-d232-437d-95fb-14a012a8e10a&rps=233","Možnost občasné práce z domova","TAYLLORCOX s.r.o.","50 000 ‍–‍ 95 000 Kč",""
"Category Specialist (trainee) | Super start kariéry v onlinu","https://www.jobs.cz/rpd/1608847567/?searchId=03c7ed1d-d232-437d-95fb-14a012a8e10a&rps=233","Možnost občasné práce z domova","BUILDEX GROUP s.r.o.","28 000 ‍–‍ 33 000 Kč",""
"IT Developer Team Leader","https://www.jobs.cz/rpd/1622882144/?searchId=03c7ed1d-d232-437d-95fb-14a012a8e10a&rps=233","Možnost občasné práce z domova","Allyn International Services s.r.o.","",""
"Technical Consultant MS Servers","https://www.jobs.cz/rpd/1623612379/?searchId=03c7ed1d-d232-437d-95fb-14a012a8e10a&rps=233","Odpovězte teď a budete mezi prvními","Consultech Recruitment Services s.r.o.","50 000 ‍–‍ 80 000 Kč",""
"Retenční manažer - Praha","https://www.jobs.cz/rpd/1626509392/?searchId=03c7ed1d-d232-437d-95fb-14a012a8e10a&rps=233","Odpovězte teď a budete mezi prvními","FX Central Europe Investments s.r.o.","43 000 ‍–‍ 80 000 Kč",""
"Java Software Engineer","https://www.jobs.cz/rpd/1625155755/?searchId=03c7ed1d-d232-437d-95fb-14a012a8e10a&rps=233","Možnost občasné práce z domova","Thales DIS Czech Republic s.r.o.","",""
"Communication Officer v Českém výboru pro UNICEF","https://www.jobs.cz/rpd/2000050744/?searchId=03c7ed1d-d232-437d-95fb-14a012a8e10a&rps=233","Možnost občasné práce z domova","Český výbor pro UNICEF","28 000 ‍–‍ 33 000 Kč","Odpovězte teď a budete mezi prvními"
"Hledáme juniorní i seniorní nadšence do cenných papírů!","https://www.jobs.cz/rpd/1618433332/?searchId=03c7ed1d-d232-437d-95fb-14a012a8e10a&rps=233","","UniCredit Bank Czech Republic and Slovakia, a.s.","",""
"Manažer retenčního oddělení","https://www.jobs.cz/rpd/1626611459/?searchId=03c7ed1d-d232-437d-95fb-14a012a8e10a&rps=233","Odpovězte teď a budete mezi prvními","FX Central Europe Investments s.r.o.","43 000 ‍–‍ 80 000 Kč",""
"Technical Consultant pro řešení správy digitálního obsahu","https://www.jobs.cz/rpd/1602448116/?searchId=03c7ed1d-d232-437d-95fb-14a012a8e10a&rps=233","","IXTENT s.r.o.","45 000 ‍–‍ 80 000 Kč",""
"Senior Simulation Engineer (f/m/d)","https://www.jobs.cz/rpd/1617133581/?searchId=03c7ed1d-d232-437d-95fb-14a012a8e10a&rps=233","Možnost občasné práce z domova","Porsche Engineering Services, s.r.o.","",""
"CAD Senior Engineer - BTV/component manager (f/m/d)","https://www.jobs.cz/rpd/1586028167/?searchId=03c7ed1d-d232-437d-95fb-14a012a8e10a&rps=233","Možnost občasné práce z domova","Porsche Engineering Services, s.r.o.","",""
"BI Analytik/analytička- Reporting","https://www.jobs.cz/rpd/1617773826/?searchId=03c7ed1d-d232-437d-95fb-14a012a8e10a&rps=233","Možnost občasné práce z domova","Generali Česká pojišťovna","",""
"Senior daňový poradce/konzultant -DPH (A342)","https://www.jobs.cz/rpd/1622606090/?searchId=03c7ed1d-d232-437d-95fb-14a012a8e10a&rps=233","Možnost občasné práce z domova","Mazars s.r.o.","","Odpovězte teď a budete mezi prvními"
"Projektant  - pozemní stavby Praha (m/ž)","https://www.jobs.cz/rpd/1626546403/?searchId=03c7ed1d-d232-437d-95fb-14a012a8e10a&rps=233","Odpovězte teď a budete mezi prvními","STRABAG a.s.","",""
"Dispečer servisního a realizačního oddělení","https://www.jobs.cz/rpd/1626540193/?searchId=03c7ed1d-d232-437d-95fb-14a012a8e10a&rps=233","Odpovězte teď a budete mezi prvními","PŘEDVÝBĚR.CZ s.r.o.","35 000 ‍–‍ 45 000 Kč",""
"Relationship & Communication manager (ČJ + IJ)","https://www.jobs.cz/rpd/2000050092/?searchId=03c7ed1d-d232-437d-95fb-14a012a8e10a&rps=233","Možnost občasné práce z domova","Italsko- česká smíšená obchodní a průmyslová komora","35 000 ‍–‍ 45 000 Kč","Odpovězte teď a budete mezi prvními"
"Buyer with English and German (fully remote)","https://www.jobs.cz/rpd/1624023905/?searchId=03c7ed1d-d232-437d-95fb-14a012a8e10a&rps=233","Práce převážně z domova","Talentem s.r.o.","50 000 ‍–‍ 70 000 Kč",""
"Key account manager s nadprůměrným FIXEM!","https://www.jobs.cz/rpd/1626029366/?searchId=03c7ed1d-d232-437d-95fb-14a012a8e10a&rps=233","","FX Central Europe Investments s.r.o.","43 000 ‍–‍ 80 000 Kč",""
"Síťový Specialista","https://www.jobs.cz/rpd/1624599246/?searchId=03c7ed1d-d232-437d-95fb-14a012a8e10a&rps=233","Možnost občasné práce z domova","S&T CZ s.r.o.","",""