"link-primary","link-primary href","Tag","SearchResultCard__footerItem","Tag 2"
"Junior Business Development Manager / Junior Sales","https://www.jobs.cz/rpd/1626380479/?searchId=752523b1-7caf-42c1-921d-fdab89f6f598&rps=233","1 300 ‍–‍ 2 200 EUR","Natek",""
"JUNIOR SPECIALISTA DPH","https://www.jobs.cz/rpd/1613459137/?searchId=752523b1-7caf-42c1-921d-fdab89f6f598&rps=233","","PHOENIX lékárenský velkoobchod, s.r.o.",""
"JUNIOR AKVIZIČNÍ SPECIALISTA","https://www.jobs.cz/rpd/1625076714/?searchId=752523b1-7caf-42c1-921d-fdab89f6f598&rps=233","","BADGERS - Development Professionals, s.r.o.","Odpovězte teď a budete mezi prvními"
"Sales and Operations Junior Manager CZ & SK","https://www.jobs.cz/rpd/1616489600/?searchId=752523b1-7caf-42c1-921d-fdab89f6f598&rps=233","Možnost občasné práce z domova","AGENTOM ALFA s.r.o.","Odpověď do 2 týdnů"
"Junior Technik optických sítí","https://www.jobs.cz/rpd/1626364008/?searchId=752523b1-7caf-42c1-921d-fdab89f6f598&rps=233","","ManpowerGroup s.r.o.",""
"Junior Project Manager – stavební management","https://www.jobs.cz/rpd/1626357103/?searchId=752523b1-7caf-42c1-921d-fdab89f6f598&rps=233","","CBRE s.r.o.","Možnost občasné práce z domova"
"Project Manager Junior/Executive","https://www.jobs.cz/rpd/1625058417/?searchId=752523b1-7caf-42c1-921d-fdab89f6f598&rps=233","","KANTAR CZ s.r.o.","Možnost občasné práce z domova"
"Brand Manager (Junior)","https://www.jobs.cz/rpd/1616843446/?searchId=752523b1-7caf-42c1-921d-fdab89f6f598&rps=233","","JACOBS DOUWE EGBERTS CZ s.r.o.","Možnost občasné práce z domova"
"Účetní junior (M/Ž) - vhodné pro absolventy!","https://www.jobs.cz/rpd/1625049249/?searchId=752523b1-7caf-42c1-921d-fdab89f6f598&rps=233","Možnost občasné práce z domova","Státní pokladna Centrum sdílených služeb, s. p.","Odpověď do 2 týdnů"
"Specialista logistiky junior - Praha","https://www.jobs.cz/rpd/1625516833/?searchId=752523b1-7caf-42c1-921d-fdab89f6f598&rps=233","35 000 ‍–‍ 40 000 Kč","KOVOŠROT GROUP CZ s.r.o.","Odpověď do 2 týdnů"
"Project Manager - Absolvent/Junior","https://www.jobs.cz/rpd/1625498744/?searchId=752523b1-7caf-42c1-921d-fdab89f6f598&rps=233","Možnost občasné práce z domova","Accolade, s.r.o.","Odpověď do 2 týdnů"
"Administrace E-Shopu - junior","https://www.jobs.cz/rpd/1624274954/?searchId=752523b1-7caf-42c1-921d-fdab89f6f598&rps=233","","SP Venture a.s. - velkoobchod parfémy a kosmetika",""
"Marketingový specialista - junior","https://www.jobs.cz/rpd/2000048975/?searchId=752523b1-7caf-42c1-921d-fdab89f6f598&rps=233","","dTest, o.p.s.","Odpověď do 2 týdnů"
"Junior správce HW/SW","https://www.jobs.cz/rpd/1626281995/?searchId=752523b1-7caf-42c1-921d-fdab89f6f598&rps=233","","Experis","Možnost občasné práce z domova"
"PROCESNÍ ANALYTIK/ČKA COMPLIANCE – I JUNIOR","https://www.jobs.cz/rpd/1624672693/?searchId=752523b1-7caf-42c1-921d-fdab89f6f598&rps=233","Práce převážně z domova","Generali Česká pojišťovna","Odpověď do 2 týdnů"
"Junior Business Controller","https://www.jobs.cz/rpd/1624959848/?searchId=752523b1-7caf-42c1-921d-fdab89f6f598&rps=233","","PORR a.s.","Možnost občasné práce z domova"
"PROJEKTOVÝ MANAŽER JUNIOR","https://www.jobs.cz/rpd/1624037885/?searchId=752523b1-7caf-42c1-921d-fdab89f6f598&rps=233","","PHOENIX lékárenský velkoobchod, s.r.o.",""
"Junior AV Technik / Audio-Video Support","https://www.jobs.cz/rpd/1626236462/?searchId=752523b1-7caf-42c1-921d-fdab89f6f598&rps=233","","Deloitte","Odpovězte teď a budete mezi prvními"
"Junior Project Coordinator with German language","https://www.jobs.cz/rpd/1624938814/?searchId=752523b1-7caf-42c1-921d-fdab89f6f598&rps=233","Možnost občasné práce z domova","IPSOS s.r.o.","Odpověď do 2 týdnů"
"Junior IT SAP konzultant – e-commerce podpora","https://www.jobs.cz/rpd/1626189468/?searchId=752523b1-7caf-42c1-921d-fdab89f6f598&rps=233","","JOBSTART s.r.o.","Odpověď do 2 týdnů"
"Systémový administrátor - DPI - junior (m/ž)","https://www.jobs.cz/rpd/1626150887/?searchId=752523b1-7caf-42c1-921d-fdab89f6f598&rps=233","Možnost občasné práce z domova","O2 Czech Republic a.s.","Odpověď do 2 týdnů"
"Finanční Controller Junior","https://www.jobs.cz/rpd/1626068768/?searchId=752523b1-7caf-42c1-921d-fdab89f6f598&rps=233","","Manuvia","Možnost občasné práce z domova"
"Účetní - junior","https://www.jobs.cz/rpd/1626065883/?searchId=752523b1-7caf-42c1-921d-fdab89f6f598&rps=233","","AGEL a.s.","Možnost občasné práce z domova"
"Finanční účetní - junior","https://www.jobs.cz/rpd/1626064957/?searchId=752523b1-7caf-42c1-921d-fdab89f6f598&rps=233","","AGEL a.s.","Možnost občasné práce z domova"
"Junior Process Manager","https://www.jobs.cz/rpd/1626057551/?searchId=752523b1-7caf-42c1-921d-fdab89f6f598&rps=233","","rohlik.cz",""
"JUNIOR TAX SPECIALIST","https://www.jobs.cz/rpd/1626045224/?searchId=752523b1-7caf-42c1-921d-fdab89f6f598&rps=233","","Zásilkovna s.r.o.","Možnost občasné práce z domova"
"Junior konzultant – tým Oceňování & modelování","https://www.jobs.cz/rpd/1626037437/?searchId=752523b1-7caf-42c1-921d-fdab89f6f598&rps=233","","EY","Možnost občasné práce z domova"
"REDAKTOR - JUNIOR","https://www.jobs.cz/rpd/1625961533/?searchId=752523b1-7caf-42c1-921d-fdab89f6f598&rps=233","","ČESKÁ TELEVIZE",""
"Project Manager Junior - Praha 1","https://www.jobs.cz/rpd/1618617748/?searchId=752523b1-7caf-42c1-921d-fdab89f6f598&rps=233","","M2C",""
"HR BUSINESS PARTNER JUNIOR","https://www.jobs.cz/rpd/1625773769/?searchId=752523b1-7caf-42c1-921d-fdab89f6f598&rps=233","","Raiffeisenbank a.s.",""
"Customer Care Specialist junior – Praha","https://www.jobs.cz/rpd/1624201961/?searchId=752523b1-7caf-42c1-921d-fdab89f6f598&rps=233","","SG Equipment Finance s.r.o.","Odpověď do 2 týdnů"
"Junior bankéř/ka pro firemní klientelu - Praha Flora","https://www.jobs.cz/rpd/1621017690/?searchId=752523b1-7caf-42c1-921d-fdab89f6f598&rps=233","","MONETA Money Bank, a.s.",""
"Junior účetní do přátelského týmu v designové společnosti","https://www.jobs.cz/rpd/1625601379/?searchId=752523b1-7caf-42c1-921d-fdab89f6f598&rps=233","Odpovězte teď a budete mezi prvními","Talentem s.r.o.","Možnost občasné práce z domova"
"Junior manažer pro expanzní projekty (německý trh)","https://www.jobs.cz/rpd/1622024850/?searchId=752523b1-7caf-42c1-921d-fdab89f6f598&rps=233","100 000 ‍–‍ 120 000 Kč","Ascari s.r.o.","Odpověď do 2 týdnů"
"Junior konzultant - tým M&A","https://www.jobs.cz/rpd/1623679352/?searchId=752523b1-7caf-42c1-921d-fdab89f6f598&rps=233","","EY","Možnost občasné práce z domova"
"Junior JAVA Developer CPLM (70% - 100%), graduates/students","https://www.jobs.cz/rpd/1567725115/?searchId=752523b1-7caf-42c1-921d-fdab89f6f598&rps=233","Možnost občasné práce z domova","COMMERZBANK Aktiengesellschaft, pobočka Praha","Odpověď do 2 týdnů"
"Technology Program Discover -  Junior Tester","https://www.jobs.cz/rpd/1617698372/?searchId=752523b1-7caf-42c1-921d-fdab89f6f598&rps=233","Práce převážně z domova","Vodafone Czech Republic a.s.","Odpověď do 2 týdnů"